video_path,scene,event_type,action_label,subject_id,age_group,gender,lighting,camera_angle,occlusion,resolution,fps,duration_s,fall_start_ts,fall_end_ts,annotation_file,sensor_file,note
videos/livingroom/fall/livingroom_fall_001_20260827.mp4,livingroom,fall,fall,unknown,unknown,unknown,unknown,side_parallel_floor,unknown,640x240,30,5.333,2.736,3.737,annotations/action_events/livingroom_fall_001_20260827.json,meta/sensor/livingroom_fall_001_20260827_acc.csv,"source=URFD fall-01-cam0; source_scene=indoor laboratory, mapped to livingroom; actors=simulated (not elderly); demographics unknown in official files; original_resolution=640x240 (below 1280x720 spec; not upsampled); license=CC BY-NC-SA 4.0 academic non-commercial; fall_start/end from urfall-cam0-falls.csv label 0 (falling) / 1 (lying), converted via *-data.csv time_ms"
videos/livingroom/fall/livingroom_fall_002_20260827.mp4,livingroom,fall,fall,unknown,unknown,unknown,unknown,ceiling,unknown,640x240,30,5.333,,,annotations/action_events/livingroom_fall_002_20260827.json,meta/sensor/livingroom_fall_002_20260827_acc.csv,"source=URFD fall-01-cam1; source_scene=indoor laboratory, mapped to livingroom; actors=simulated (not elderly); demographics unknown in official files; original_resolution=640x240 (below 1280x720 spec; not upsampled); license=CC BY-NC-SA 4.0 academic non-commercial; cam1 has no official per-frame fall labels; cameras are not strictly synchronized; fall_start_ts/fall_end_ts left blank (not copied from cam0)"
videos/livingroom/fall/livingroom_fall_003_20260827.mp4,livingroom,fall,fall,unknown,unknown,unknown,unknown,side_parallel_floor,unknown,640x240,30,3.667,1.301,2.302,annotations/action_events/livingroom_fall_003_20260827.json,meta/sensor/livingroom_fall_003_20260827_acc.csv,"source=URFD fall-02-cam0; source_scene=indoor laboratory, mapped to livingroom; actors=simulated (not elderly); demographics unknown in official files; original_resolution=640x240 (below 1280x720 spec; not upsampled); license=CC BY-NC-SA 4.0 academic non-commercial; fall_start/end from urfall-cam0-falls.csv label 0 (falling) / 1 (lying), converted via *-data.csv time_ms"
videos/livingroom/fall/livingroom_fall_004_20260827.mp4,livingroom,fall,fall,unknown,unknown,unknown,unknown,ceiling,unknown,640x240,30,3.667,,,annotations/action_events/livingroom_fall_004_20260827.json,meta/sensor/livingroom_fall_004_20260827_acc.csv,"source=URFD fall-02-cam1; source_scene=indoor laboratory, mapped to livingroom; actors=simulated (not elderly); demographics unknown in official files; original_resolution=640x240 (below 1280x720 spec; not upsampled); license=CC BY-NC-SA 4.0 academic non-commercial; cam1 has no official per-frame fall labels; cameras are not strictly synchronized; fall_start_ts/fall_end_ts left blank (not copied from cam0)"
videos/livingroom/fall/livingroom_fall_005_20260827.mp4,livingroom,fall,fall,unknown,unknown,unknown,unknown,side_parallel_floor,unknown,640x240,30,7.167,4.929,5.949,annotations/action_events/livingroom_fall_005_20260827.json,meta/sensor/livingroom_fall_005_20260827_acc.csv,"source=URFD fall-03-cam0; source_scene=indoor laboratory, mapped to livingroom; actors=simulated (not elderly); demographics unknown in official files; original_resolution=640x240 (below 1280x720 spec; not upsampled); license=CC BY-NC-SA 4.0 academic non-commercial; fall_start/end from urfall-cam0-falls.csv label 0 (falling) / 1 (lying), converted via *-data.csv time_ms"
videos/livingroom/fall/livingroom_fall_006_20260827.mp4,livingroom,fall,fall,unknown,unknown,unknown,unknown,ceiling,unknown,640x240,30,7.167,,,annotations/action_events/livingroom_fall_006_20260827.json,meta/sensor/livingroom_fall_006_20260827_acc.csv,"source=URFD fall-03-cam1; source_scene=indoor laboratory, mapped to livingroom; actors=simulated (not elderly); demographics unknown in official files; original_resolution=640x240 (below 1280x720 spec; not upsampled); license=CC BY-NC-SA 4.0 academic non-commercial; cam1 has no official per-frame fall labels; cameras are not strictly synchronized; fall_start_ts/fall_end_ts left blank (not copied from cam0)"
videos/livingroom/fall/livingroom_fall_007_20260827.mp4,livingroom,fall,fall,unknown,unknown,unknown,unknown,side_parallel_floor,unknown,640x240,30,3.200,0.433,1.434,annotations/action_events/livingroom_fall_007_20260827.json,meta/sensor/livingroom_fall_007_20260827_acc.csv,"source=URFD fall-04-cam0; source_scene=indoor laboratory, mapped to livingroom; actors=simulated (not elderly); demographics unknown in official files; original_resolution=640x240 (below 1280x720 spec; not upsampled); license=CC BY-NC-SA 4.0 academic non-commercial; fall_start/end from urfall-cam0-falls.csv label 0 (falling) / 1 (lying), converted via *-data.csv time_ms"
videos/livingroom/fall/livingroom_fall_008_20260827.mp4,livingroom,fall,fall,unknown,unknown,unknown,unknown,ceiling,unknown,640x240,30,3.200,,,annotations/action_events/livingroom_fall_008_20260827.json,meta/sensor/livingroom_fall_008_20260827_acc.csv,"source=URFD fall-04-cam1; source_scene=indoor laboratory, mapped to livingroom; actors=simulated (not elderly); demographics unknown in official files; original_resolution=640x240 (below 1280x720 spec; not upsampled); license=CC BY-NC-SA 4.0 academic non-commercial; cam1 has no official per-frame fall labels; cameras are not strictly synchronized; fall_start_ts/fall_end_ts left blank (not copied from cam0)"
videos/livingroom/fall/livingroom_fall_009_20260827.mp4,livingroom,fall,fall,unknown,unknown,unknown,unknown,side_parallel_floor,unknown,640x240,30,5.033,2.602,3.603,annotations/action_events/livingroom_fall_009_20260827.json,meta/sensor/livingroom_fall_009_20260827_acc.csv,"source=URFD fall-05-cam0; source_scene=indoor laboratory, mapped to livingroom; actors=simulated (not elderly); demographics unknown in official files; original_resolution=640x240 (below 1280x720 spec; not upsampled); license=CC BY-NC-SA 4.0 academic non-commercial; fall_start/end from urfall-cam0-falls.csv label 0 (falling) / 1 (lying), converted via *-data.csv time_ms"
videos/livingroom/fall/livingroom_fall_010_20260827.mp4,livingroom,fall,fall,unknown,unknown,unknown,unknown,ceiling,unknown,640x240,30,5.033,,,annotations/action_events/livingroom_fall_010_20260827.json,meta/sensor/livingroom_fall_010_20260827_acc.csv,"source=URFD fall-05-cam1; source_scene=indoor laboratory, mapped to livingroom; actors=simulated (not elderly); demographics unknown in official files; original_resolution=640x240 (below 1280x720 spec; not upsampled); license=CC BY-NC-SA 4.0 academic non-commercial; cam1 has no official per-frame fall labels; cameras are not strictly synchronized; fall_start_ts/fall_end_ts left blank (not copied from cam0)"
videos/livingroom/fall/livingroom_fall_011_20260827.mp4,livingroom,fall,fall,unknown,unknown,unknown,unknown,side_parallel_floor,unknown,640x240,30,3.333,0.333,1.334,annotations/action_events/livingroom_fall_011_20260827.json,meta/sensor/livingroom_fall_011_20260827_acc.csv,"source=URFD fall-06-cam0; source_scene=indoor laboratory, mapped to livingroom; actors=simulated (not elderly); demographics unknown in official files; original_resolution=640x240 (below 1280x720 spec; not upsampled); license=CC BY-NC-SA 4.0 academic non-commercial; fall_start/end from urfall-cam0-falls.csv label 0 (falling) / 1 (lying), converted via *-data.csv time_ms"
videos/livingroom/fall/livingroom_fall_012_20260827.mp4,livingroom,fall,fall,unknown,unknown,unknown,unknown,ceiling,unknown,640x240,30,3.333,,,annotations/action_events/livingroom_fall_012_20260827.json,meta/sensor/livingroom_fall_012_20260827_acc.csv,"source=URFD fall-06-cam1; source_scene=indoor laboratory, mapped to livingroom; actors=simulated (not elderly); demographics unknown in official files; original_resolution=640x240 (below 1280x720 spec; not upsampled); license=CC BY-NC-SA 4.0 academic non-commercial; cam1 has no official per-frame fall labels; cameras are not strictly synchronized; fall_start_ts/fall_end_ts left blank (not copied from cam0)"
videos/livingroom/fall/livingroom_fall_013_20260827.mp4,livingroom,fall,fall,unknown,unknown,unknown,unknown,side_parallel_floor,unknown,640x240,30,5.200,2.802,3.804,annotations/action_events/livingroom_fall_013_20260827.json,meta/sensor/livingroom_fall_013_20260827_acc.csv,"source=URFD fall-07-cam0; source_scene=indoor laboratory, mapped to livingroom; actors=simulated (not elderly); demographics unknown in official files; original_resolution=640x240 (below 1280x720 spec; not upsampled); license=CC BY-NC-SA 4.0 academic non-commercial; fall_start/end from urfall-cam0-falls.csv label 0 (falling) / 1 (lying), converted via *-data.csv time_ms"
videos/livingroom/fall/livingroom_fall_014_20260827.mp4,livingroom,fall,fall,unknown,unknown,unknown,unknown,ceiling,unknown,640x240,30,5.200,,,annotations/action_events/livingroom_fall_014_20260827.json,meta/sensor/livingroom_fall_014_20260827_acc.csv,"source=URFD fall-07-cam1; source_scene=indoor laboratory, mapped to livingroom; actors=simulated (not elderly); demographics unknown in official files; original_resolution=640x240 (below 1280x720 spec; not upsampled); license=CC BY-NC-SA 4.0 academic non-commercial; cam1 has no official per-frame fall labels; cameras are not strictly synchronized; fall_start_ts/fall_end_ts left blank (not copied from cam0)"
videos/livingroom/fall/livingroom_fall_015_20260827.mp4,livingroom,fall,fall,unknown,unknown,unknown,unknown,side_parallel_floor,unknown,640x240,30,3.033,0.967,1.968,annotations/action_events/livingroom_fall_015_20260827.json,meta/sensor/livingroom_fall_015_20260827_acc.csv,"source=URFD fall-08-cam0; source_scene=indoor laboratory, mapped to livingroom; actors=simulated (not elderly); demographics unknown in official files; original_resolution=640x240 (below 1280x720 spec; not upsampled); license=CC BY-NC-SA 4.0 academic non-commercial; fall_start/end from urfall-cam0-falls.csv label 0 (falling) / 1 (lying), converted via *-data.csv time_ms"
videos/livingroom/fall/livingroom_fall_016_20260827.mp4,livingroom,fall,fall,unknown,unknown,unknown,unknown,ceiling,unknown,640x240,30,3.033,,,annotations/action_events/livingroom_fall_016_20260827.json,meta/sensor/livingroom_fall_016_20260827_acc.csv,"source=URFD fall-08-cam1; source_scene=indoor laboratory, mapped to livingroom; actors=simulated (not elderly); demographics unknown in official files; original_resolution=640x240 (below 1280x720 spec; not upsampled); license=CC BY-NC-SA 4.0 academic non-commercial; cam1 has no official per-frame fall labels; cameras are not strictly synchronized; fall_start_ts/fall_end_ts left blank (not copied from cam0)"
videos/livingroom/fall/livingroom_fall_017_20260827.mp4,livingroom,fall,fall,unknown,unknown,unknown,unknown,side_parallel_floor,unknown,640x240,30,6.167,4.004,5.005,annotations/action_events/livingroom_fall_017_20260827.json,meta/sensor/livingroom_fall_017_20260827_acc.csv,"source=URFD fall-09-cam0; source_scene=indoor laboratory, mapped to livingroom; actors=simulated (not elderly); demographics unknown in official files; original_resolution=640x240 (below 1280x720 spec; not upsampled); license=CC BY-NC-SA 4.0 academic non-commercial; fall_start/end from urfall-cam0-falls.csv label 0 (falling) / 1 (lying), converted via *-data.csv time_ms"
videos/livingroom/fall/livingroom_fall_018_20260827.mp4,livingroom,fall,fall,unknown,unknown,unknown,unknown,ceiling,unknown,640x240,30,6.167,,,annotations/action_events/livingroom_fall_018_20260827.json,meta/sensor/livingroom_fall_018_20260827_acc.csv,"source=URFD fall-09-cam1; source_scene=indoor laboratory, mapped to livingroom; actors=simulated (not elderly); demographics unknown in official files; original_resolution=640x240 (below 1280x720 spec; not upsampled); license=CC BY-NC-SA 4.0 academic non-commercial; cam1 has no official per-frame fall labels; cameras are not strictly synchronized; fall_start_ts/fall_end_ts left blank (not copied from cam0)"
videos/livingroom/fall/livingroom_fall_019_20260827.mp4,livingroom,fall,fall,unknown,unknown,unknown,unknown,side_parallel_floor,unknown,640x240,30,4.333,1.301,2.302,annotations/action_events/livingroom_fall_019_20260827.json,meta/sensor/livingroom_fall_019_20260827_acc.csv,"source=URFD fall-10-cam0; source_scene=indoor laboratory, mapped to livingroom; actors=simulated (not elderly); demographics unknown in official files; original_resolution=640x240 (below 1280x720 spec; not upsampled); license=CC BY-NC-SA 4.0 academic non-commercial; fall_start/end from urfall-cam0-falls.csv label 0 (falling) / 1 (lying), converted via *-data.csv time_ms"
videos/livingroom/fall/livingroom_fall_020_20260827.mp4,livingroom,fall,fall,unknown,unknown,unknown,unknown,ceiling,unknown,640x240,30,4.333,,,annotations/action_events/livingroom_fall_020_20260827.json,meta/sensor/livingroom_fall_020_20260827_acc.csv,"source=URFD fall-10-cam1; source_scene=indoor laboratory, mapped to livingroom; actors=simulated (not elderly); demographics unknown in official files; original_resolution=640x240 (below 1280x720 spec; not upsampled); license=CC BY-NC-SA 4.0 academic non-commercial; cam1 has no official per-frame fall labels; cameras are not strictly synchronized; fall_start_ts/fall_end_ts left blank (not copied from cam0)"
videos/livingroom/fall/livingroom_fall_021_20260827.mp4,livingroom,fall,fall,unknown,unknown,unknown,unknown,side_parallel_floor,unknown,640x240,30,4.333,1.601,2.602,annotations/action_events/livingroom_fall_021_20260827.json,meta/sensor/livingroom_fall_021_20260827_acc.csv,"source=URFD fall-11-cam0; source_scene=indoor laboratory, mapped to livingroom; actors=simulated (not elderly); demographics unknown in official files; original_resolution=640x240 (below 1280x720 spec; not upsampled); license=CC BY-NC-SA 4.0 academic non-commercial; fall_start/end from urfall-cam0-falls.csv label 0 (falling) / 1 (lying), converted via *-data.csv time_ms"
videos/livingroom/fall/livingroom_fall_022_20260827.mp4,livingroom,fall,fall,unknown,unknown,unknown,unknown,ceiling,unknown,640x240,30,4.333,,,annotations/action_events/livingroom_fall_022_20260827.json,meta/sensor/livingroom_fall_022_20260827_acc.csv,"source=URFD fall-11-cam1; source_scene=indoor laboratory, mapped to livingroom; actors=simulated (not elderly); demographics unknown in official files; original_resolution=640x240 (below 1280x720 spec; not upsampled); license=CC BY-NC-SA 4.0 academic non-commercial; cam1 has no official per-frame fall labels; cameras are not strictly synchronized; fall_start_ts/fall_end_ts left blank (not copied from cam0)"
videos/livingroom/fall/livingroom_fall_023_20260827.mp4,livingroom,fall,fall,unknown,unknown,unknown,unknown,side_parallel_floor,unknown,640x240,30,3.667,0.800,1.801,annotations/action_events/livingroom_fall_023_20260827.json,meta/sensor/livingroom_fall_023_20260827_acc.csv,"source=URFD fall-12-cam0; source_scene=indoor laboratory, mapped to livingroom; actors=simulated (not elderly); demographics unknown in official files; original_resolution=640x240 (below 1280x720 spec; not upsampled); license=CC BY-NC-SA 4.0 academic non-commercial; fall_start/end from urfall-cam0-falls.csv label 0 (falling) / 1 (lying), converted via *-data.csv time_ms"
videos/livingroom/fall/livingroom_fall_024_20260827.mp4,livingroom,fall,fall,unknown,unknown,unknown,unknown,ceiling,unknown,640x240,30,3.667,,,annotations/action_events/livingroom_fall_024_20260827.json,meta/sensor/livingroom_fall_024_20260827_acc.csv,"source=URFD fall-12-cam1; source_scene=indoor laboratory, mapped to livingroom; actors=simulated (not elderly); demographics unknown in official files; original_resolution=640x240 (below 1280x720 spec; not upsampled); license=CC BY-NC-SA 4.0 academic non-commercial; cam1 has no official per-frame fall labels; cameras are not strictly synchronized; fall_start_ts/fall_end_ts left blank (not copied from cam0)"
videos/livingroom/fall/livingroom_fall_025_20260827.mp4,livingroom,fall,fall,unknown,unknown,unknown,unknown,side_parallel_floor,unknown,640x240,30,2.833,1.434,2.435,annotations/action_events/livingroom_fall_025_20260827.json,meta/sensor/livingroom_fall_025_20260827_acc.csv,"source=URFD fall-13-cam0; source_scene=indoor laboratory, mapped to livingroom; actors=simulated (not elderly); demographics unknown in official files; original_resolution=640x240 (below 1280x720 spec; not upsampled); license=CC BY-NC-SA 4.0 academic non-commercial; fall_start/end from urfall-cam0-falls.csv label 0 (falling) / 1 (lying), converted via *-data.csv time_ms"
videos/livingroom/fall/livingroom_fall_026_20260827.mp4,livingroom,fall,fall,unknown,unknown,unknown,unknown,ceiling,unknown,640x240,30,2.833,,,annotations/action_events/livingroom_fall_026_20260827.json,meta/sensor/livingroom_fall_026_20260827_acc.csv,"source=URFD fall-13-cam1; source_scene=indoor laboratory, mapped to livingroom; actors=simulated (not elderly); demographics unknown in official files; original_resolution=640x240 (below 1280x720 spec; not upsampled); license=CC BY-NC-SA 4.0 academic non-commercial; cam1 has no official per-frame fall labels; cameras are not strictly synchronized; fall_start_ts/fall_end_ts left blank (not copied from cam0)"
videos/livingroom/fall/livingroom_fall_027_20260827.mp4,livingroom,fall,fall,unknown,unknown,unknown,unknown,side_parallel_floor,unknown,640x240,30,2.033,0.500,1.501,annotations/action_events/livingroom_fall_027_20260827.json,meta/sensor/livingroom_fall_027_20260827_acc.csv,"source=URFD fall-14-cam0; source_scene=indoor laboratory, mapped to livingroom; actors=simulated (not elderly); demographics unknown in official files; original_resolution=640x240 (below 1280x720 spec; not upsampled); license=CC BY-NC-SA 4.0 academic non-commercial; fall_start/end from urfall-cam0-falls.csv label 0 (falling) / 1 (lying), converted via *-data.csv time_ms"
videos/livingroom/fall/livingroom_fall_028_20260827.mp4,livingroom,fall,fall,unknown,unknown,unknown,unknown,ceiling,unknown,640x240,30,2.033,,,annotations/action_events/livingroom_fall_028_20260827.json,meta/sensor/livingroom_fall_028_20260827_acc.csv,"source=URFD fall-14-cam1; source_scene=indoor laboratory, mapped to livingroom; actors=simulated (not elderly); demographics unknown in official files; original_resolution=640x240 (below 1280x720 spec; not upsampled); license=CC BY-NC-SA 4.0 academic non-commercial; cam1 has no official per-frame fall labels; cameras are not strictly synchronized; fall_start_ts/fall_end_ts left blank (not copied from cam0)"
videos/livingroom/fall/livingroom_fall_029_20260827.mp4,livingroom,fall,fall,unknown,unknown,unknown,unknown,side_parallel_floor,unknown,640x240,30,2.367,0.900,1.902,annotations/action_events/livingroom_fall_029_20260827.json,meta/sensor/livingroom_fall_029_20260827_acc.csv,"source=URFD fall-15-cam0; source_scene=indoor laboratory, mapped to livingroom; actors=simulated (not elderly); demographics unknown in official files; original_resolution=640x240 (below 1280x720 spec; not upsampled); license=CC BY-NC-SA 4.0 academic non-commercial; fall_start/end from urfall-cam0-falls.csv label 0 (falling) / 1 (lying), converted via *-data.csv time_ms"
videos/livingroom/fall/livingroom_fall_030_20260827.mp4,livingroom,fall,fall,unknown,unknown,unknown,unknown,ceiling,unknown,640x240,30,2.367,,,annotations/action_events/livingroom_fall_030_20260827.json,meta/sensor/livingroom_fall_030_20260827_acc.csv,"source=URFD fall-15-cam1; source_scene=indoor laboratory, mapped to livingroom; actors=simulated (not elderly); demographics unknown in official files; original_resolution=640x240 (below 1280x720 spec; not upsampled); license=CC BY-NC-SA 4.0 academic non-commercial; cam1 has no official per-frame fall labels; cameras are not strictly synchronized; fall_start_ts/fall_end_ts left blank (not copied from cam0)"
videos/livingroom/fall/livingroom_fall_031_20260827.mp4,livingroom,fall,fall,unknown,unknown,unknown,unknown,side_parallel_floor,unknown,640x240,30,1.833,0.533,1.534,annotations/action_events/livingroom_fall_031_20260827.json,meta/sensor/livingroom_fall_031_20260827_acc.csv,"source=URFD fall-16-cam0; source_scene=indoor laboratory, mapped to livingroom; actors=simulated (not elderly); demographics unknown in official files; original_resolution=640x240 (below 1280x720 spec; not upsampled); license=CC BY-NC-SA 4.0 academic non-commercial; fall_start/end from urfall-cam0-falls.csv label 0 (falling) / 1 (lying), converted via *-data.csv time_ms"
videos/livingroom/fall/livingroom_fall_032_20260827.mp4,livingroom,fall,fall,unknown,unknown,unknown,unknown,ceiling,unknown,640x240,30,1.833,,,annotations/action_events/livingroom_fall_032_20260827.json,meta/sensor/livingroom_fall_032_20260827_acc.csv,"source=URFD fall-16-cam1; source_scene=indoor laboratory, mapped to livingroom; actors=simulated (not elderly); demographics unknown in official files; original_resolution=640x240 (below 1280x720 spec; not upsampled); license=CC BY-NC-SA 4.0 academic non-commercial; cam1 has no official per-frame fall labels; cameras are not strictly synchronized; fall_start_ts/fall_end_ts left blank (not copied from cam0)"
videos/livingroom/fall/livingroom_fall_033_20260827.mp4,livingroom,fall,fall,unknown,unknown,unknown,unknown,side_parallel_floor,unknown,640x240,30,3.167,1.935,2.936,annotations/action_events/livingroom_fall_033_20260827.json,meta/sensor/livingroom_fall_033_20260827_acc.csv,"source=URFD fall-17-cam0; source_scene=indoor laboratory, mapped to livingroom; actors=simulated (not elderly); demographics unknown in official files; original_resolution=640x240 (below 1280x720 spec; not upsampled); license=CC BY-NC-SA 4.0 academic non-commercial; fall_start/end from urfall-cam0-falls.csv label 0 (falling) / 1 (lying), converted via *-data.csv time_ms"
videos/livingroom/fall/livingroom_fall_034_20260827.mp4,livingroom,fall,fall,unknown,unknown,unknown,unknown,ceiling,unknown,640x240,30,3.167,,,annotations/action_events/livingroom_fall_034_20260827.json,meta/sensor/livingroom_fall_034_20260827_acc.csv,"source=URFD fall-17-cam1; source_scene=indoor laboratory, mapped to livingroom; actors=simulated (not elderly); demographics unknown in official files; original_resolution=640x240 (below 1280x720 spec; not upsampled); license=CC BY-NC-SA 4.0 academic non-commercial; cam1 has no official per-frame fall labels; cameras are not strictly synchronized; fall_start_ts/fall_end_ts left blank (not copied from cam0)"
videos/livingroom/fall/livingroom_fall_035_20260827.mp4,livingroom,fall,fall,unknown,unknown,unknown,unknown,side_parallel_floor,unknown,640x240,30,2.167,0.500,1.501,annotations/action_events/livingroom_fall_035_20260827.json,meta/sensor/livingroom_fall_035_20260827_acc.csv,"source=URFD fall-18-cam0; source_scene=indoor laboratory, mapped to livingroom; actors=simulated (not elderly); demographics unknown in official files; original_resolution=640x240 (below 1280x720 spec; not upsampled); license=CC BY-NC-SA 4.0 academic non-commercial; fall_start/end from urfall-cam0-falls.csv label 0 (falling) / 1 (lying), converted via *-data.csv time_ms"
videos/livingroom/fall/livingroom_fall_036_20260827.mp4,livingroom,fall,fall,unknown,unknown,unknown,unknown,ceiling,unknown,640x240,30,2.167,,,annotations/action_events/livingroom_fall_036_20260827.json,meta/sensor/livingroom_fall_036_20260827_acc.csv,"source=URFD fall-18-cam1; source_scene=indoor laboratory, mapped to livingroom; actors=simulated (not elderly); demographics unknown in official files; original_resolution=640x240 (below 1280x720 spec; not upsampled); license=CC BY-NC-SA 4.0 academic non-commercial; cam1 has no official per-frame fall labels; cameras are not strictly synchronized; fall_start_ts/fall_end_ts left blank (not copied from cam0)"
videos/livingroom/fall/livingroom_fall_037_20260827.mp4,livingroom,fall,fall,unknown,unknown,unknown,unknown,side_parallel_floor,unknown,640x240,30,3.333,0.800,1.801,annotations/action_events/livingroom_fall_037_20260827.json,meta/sensor/livingroom_fall_037_20260827_acc.csv,"source=URFD fall-19-cam0; source_scene=indoor laboratory, mapped to livingroom; actors=simulated (not elderly); demographics unknown in official files; original_resolution=640x240 (below 1280x720 spec; not upsampled); license=CC BY-NC-SA 4.0 academic non-commercial; fall_start/end from urfall-cam0-falls.csv label 0 (falling) / 1 (lying), converted via *-data.csv time_ms"
videos/livingroom/fall/livingroom_fall_038_20260827.mp4,livingroom,fall,fall,unknown,unknown,unknown,unknown,ceiling,unknown,640x240,30,3.333,,,annotations/action_events/livingroom_fall_038_20260827.json,meta/sensor/livingroom_fall_038_20260827_acc.csv,"source=URFD fall-19-cam1; source_scene=indoor laboratory, mapped to livingroom; actors=simulated (not elderly); demographics unknown in official files; original_resolution=640x240 (below 1280x720 spec; not upsampled); license=CC BY-NC-SA 4.0 academic non-commercial; cam1 has no official per-frame fall labels; cameras are not strictly synchronized; fall_start_ts/fall_end_ts left blank (not copied from cam0)"
videos/livingroom/fall/livingroom_fall_039_20260827.mp4,livingroom,fall,fall,unknown,unknown,unknown,unknown,side_parallel_floor,unknown,640x240,30,3.667,0.567,1.568,annotations/action_events/livingroom_fall_039_20260827.json,meta/sensor/livingroom_fall_039_20260827_acc.csv,"source=URFD fall-20-cam0; source_scene=indoor laboratory, mapped to livingroom; actors=simulated (not elderly); demographics unknown in official files; original_resolution=640x240 (below 1280x720 spec; not upsampled); license=CC BY-NC-SA 4.0 academic non-commercial; fall_start/end from urfall-cam0-falls.csv label 0 (falling) / 1 (lying), converted via *-data.csv time_ms"
videos/livingroom/fall/livingroom_fall_040_20260827.mp4,livingroom,fall,fall,unknown,unknown,unknown,unknown,ceiling,unknown,640x240,30,3.667,,,annotations/action_events/livingroom_fall_040_20260827.json,meta/sensor/livingroom_fall_040_20260827_acc.csv,"source=URFD fall-20-cam1; source_scene=indoor laboratory, mapped to livingroom; actors=simulated (not elderly); demographics unknown in official files; original_resolution=640x240 (below 1280x720 spec; not upsampled); license=CC BY-NC-SA 4.0 academic non-commercial; cam1 has no official per-frame fall labels; cameras are not strictly synchronized; fall_start_ts/fall_end_ts left blank (not copied from cam0)"
videos/livingroom/fall/livingroom_fall_041_20260827.mp4,livingroom,fall,fall,unknown,unknown,unknown,unknown,side_parallel_floor,unknown,640x240,30,1.833,0.667,1.668,annotations/action_events/livingroom_fall_041_20260827.json,meta/sensor/livingroom_fall_041_20260827_acc.csv,"source=URFD fall-21-cam0; source_scene=indoor laboratory, mapped to livingroom; actors=simulated (not elderly); demographics unknown in official files; original_resolution=640x240 (below 1280x720 spec; not upsampled); license=CC BY-NC-SA 4.0 academic non-commercial; fall_start/end from urfall-cam0-falls.csv label 0 (falling) / 1 (lying), converted via *-data.csv time_ms"
videos/livingroom/fall/livingroom_fall_042_20260827.mp4,livingroom,fall,fall,unknown,unknown,unknown,unknown,ceiling,unknown,640x240,30,1.833,,,annotations/action_events/livingroom_fall_042_20260827.json,meta/sensor/livingroom_fall_042_20260827_acc.csv,"source=URFD fall-21-cam1; source_scene=indoor laboratory, mapped to livingroom; actors=simulated (not elderly); demographics unknown in official files; original_resolution=640x240 (below 1280x720 spec; not upsampled); license=CC BY-NC-SA 4.0 academic non-commercial; cam1 has no official per-frame fall labels; cameras are not strictly synchronized; fall_start_ts/fall_end_ts left blank (not copied from cam0)"
videos/livingroom/fall/livingroom_fall_043_20260827.mp4,livingroom,fall,fall,unknown,unknown,unknown,unknown,side_parallel_floor,unknown,640x240,30,1.867,0.100,1.101,annotations/action_events/livingroom_fall_043_20260827.json,meta/sensor/livingroom_fall_043_20260827_acc.csv,"source=URFD fall-22-cam0; source_scene=indoor laboratory, mapped to livingroom; actors=simulated (not elderly); demographics unknown in official files; original_resolution=640x240 (below 1280x720 spec; not upsampled); license=CC BY-NC-SA 4.0 academic non-commercial; fall_start/end from urfall-cam0-falls.csv label 0 (falling) / 1 (lying), converted via *-data.csv time_ms"
videos/livingroom/fall/livingroom_fall_044_20260827.mp4,livingroom,fall,fall,unknown,unknown,unknown,unknown,ceiling,unknown,640x240,30,1.867,,,annotations/action_events/livingroom_fall_044_20260827.json,meta/sensor/livingroom_fall_044_20260827_acc.csv,"source=URFD fall-22-cam1; source_scene=indoor laboratory, mapped to livingroom; actors=simulated (not elderly); demographics unknown in official files; original_resolution=640x240 (below 1280x720 spec; not upsampled); license=CC BY-NC-SA 4.0 academic non-commercial; cam1 has no official per-frame fall labels; cameras are not strictly synchronized; fall_start_ts/fall_end_ts left blank (not copied from cam0)"
videos/livingroom/fall/livingroom_fall_045_20260827.mp4,livingroom,fall,fall,unknown,unknown,unknown,unknown,side_parallel_floor,unknown,640x240,30,2.500,0.867,1.868,annotations/action_events/livingroom_fall_045_20260827.json,meta/sensor/livingroom_fall_045_20260827_acc.csv,"source=URFD fall-23-cam0; source_scene=indoor laboratory, mapped to livingroom; actors=simulated (not elderly); demographics unknown in official files; original_resolution=640x240 (below 1280x720 spec; not upsampled); license=CC BY-NC-SA 4.0 academic non-commercial; fall_start/end from urfall-cam0-falls.csv label 0 (falling) / 1 (lying), converted via *-data.csv time_ms"
videos/livingroom/fall/livingroom_fall_046_20260827.mp4,livingroom,fall,fall,unknown,unknown,unknown,unknown,ceiling,unknown,640x240,30,2.500,,,annotations/action_events/livingroom_fall_046_20260827.json,meta/sensor/livingroom_fall_046_20260827_acc.csv,"source=URFD fall-23-cam1; source_scene=indoor laboratory, mapped to livingroom; actors=simulated (not elderly); demographics unknown in official files; original_resolution=640x240 (below 1280x720 spec; not upsampled); license=CC BY-NC-SA 4.0 academic non-commercial; cam1 has no official per-frame fall labels; cameras are not strictly synchronized; fall_start_ts/fall_end_ts left blank (not copied from cam0)"
videos/livingroom/fall/livingroom_fall_047_20260827.mp4,livingroom,fall,fall,unknown,unknown,unknown,unknown,side_parallel_floor,unknown,640x240,30,2.000,0.367,1.368,annotations/action_events/livingroom_fall_047_20260827.json,meta/sensor/livingroom_fall_047_20260827_acc.csv,"source=URFD fall-24-cam0; source_scene=indoor laboratory, mapped to livingroom; actors=simulated (not elderly); demographics unknown in official files; original_resolution=640x240 (below 1280x720 spec; not upsampled); license=CC BY-NC-SA 4.0 academic non-commercial; fall_start/end from urfall-cam0-falls.csv label 0 (falling) / 1 (lying), converted via *-data.csv time_ms"
videos/livingroom/fall/livingroom_fall_048_20260827.mp4,livingroom,fall,fall,unknown,unknown,unknown,unknown,ceiling,unknown,640x240,30,2.000,,,annotations/action_events/livingroom_fall_048_20260827.json,meta/sensor/livingroom_fall_048_20260827_acc.csv,"source=URFD fall-24-cam1; source_scene=indoor laboratory, mapped to livingroom; actors=simulated (not elderly); demographics unknown in official files; original_resolution=640x240 (below 1280x720 spec; not upsampled); license=CC BY-NC-SA 4.0 academic non-commercial; cam1 has no official per-frame fall labels; cameras are not strictly synchronized; fall_start_ts/fall_end_ts left blank (not copied from cam0)"
videos/livingroom/fall/livingroom_fall_049_20260827.mp4,livingroom,fall,fall,unknown,unknown,unknown,unknown,side_parallel_floor,unknown,640x240,30,2.833,1.468,2.469,annotations/action_events/livingroom_fall_049_20260827.json,meta/sensor/livingroom_fall_049_20260827_acc.csv,"source=URFD fall-25-cam0; source_scene=indoor laboratory, mapped to livingroom; actors=simulated (not elderly); demographics unknown in official files; original_resolution=640x240 (below 1280x720 spec; not upsampled); license=CC BY-NC-SA 4.0 academic non-commercial; fall_start/end from urfall-cam0-falls.csv label 0 (falling) / 1 (lying), converted via *-data.csv time_ms"
videos/livingroom/fall/livingroom_fall_050_20260827.mp4,livingroom,fall,fall,unknown,unknown,unknown,unknown,ceiling,unknown,640x240,30,2.833,,,annotations/action_events/livingroom_fall_050_20260827.json,meta/sensor/livingroom_fall_050_20260827_acc.csv,"source=URFD fall-25-cam1; source_scene=indoor laboratory, mapped to livingroom; actors=simulated (not elderly); demographics unknown in official files; original_resolution=640x240 (below 1280x720 spec; not upsampled); license=CC BY-NC-SA 4.0 academic non-commercial; cam1 has no official per-frame fall labels; cameras are not strictly synchronized; fall_start_ts/fall_end_ts left blank (not copied from cam0)"
videos/livingroom/fall/livingroom_fall_051_20260827.mp4,livingroom,fall,fall,unknown,unknown,unknown,unknown,side_parallel_floor,unknown,640x240,30,2.033,0.400,1.401,annotations/action_events/livingroom_fall_051_20260827.json,meta/sensor/livingroom_fall_051_20260827_acc.csv,"source=URFD fall-26-cam0; source_scene=indoor laboratory, mapped to livingroom; actors=simulated (not elderly); demographics unknown in official files; original_resolution=640x240 (below 1280x720 spec; not upsampled); license=CC BY-NC-SA 4.0 academic non-commercial; fall_start/end from urfall-cam0-falls.csv label 0 (falling) / 1 (lying), converted via *-data.csv time_ms"
videos/livingroom/fall/livingroom_fall_052_20260827.mp4,livingroom,fall,fall,unknown,unknown,unknown,unknown,ceiling,unknown,640x240,30,2.033,,,annotations/action_events/livingroom_fall_052_20260827.json,meta/sensor/livingroom_fall_052_20260827_acc.csv,"source=URFD fall-26-cam1; source_scene=indoor laboratory, mapped to livingroom; actors=simulated (not elderly); demographics unknown in official files; original_resolution=640x240 (below 1280x720 spec; not upsampled); license=CC BY-NC-SA 4.0 academic non-commercial; cam1 has no official per-frame fall labels; cameras are not strictly synchronized; fall_start_ts/fall_end_ts left blank (not copied from cam0)"
videos/livingroom/fall/livingroom_fall_053_20260827.mp4,livingroom,fall,fall,unknown,unknown,unknown,unknown,side_parallel_floor,unknown,640x240,30,3.067,1.668,2.669,annotations/action_events/livingroom_fall_053_20260827.json,meta/sensor/livingroom_fall_053_20260827_acc.csv,"source=URFD fall-27-cam0; source_scene=indoor laboratory, mapped to livingroom; actors=simulated (not elderly); demographics unknown in official files; original_resolution=640x240 (below 1280x720 spec; not upsampled); license=CC BY-NC-SA 4.0 academic non-commercial; fall_start/end from urfall-cam0-falls.csv label 0 (falling) / 1 (lying), converted via *-data.csv time_ms"
videos/livingroom/fall/livingroom_fall_054_20260827.mp4,livingroom,fall,fall,unknown,unknown,unknown,unknown,ceiling,unknown,640x240,30,3.067,,,annotations/action_events/livingroom_fall_054_20260827.json,meta/sensor/livingroom_fall_054_20260827_acc.csv,"source=URFD fall-27-cam1; source_scene=indoor laboratory, mapped to livingroom; actors=simulated (not elderly); demographics unknown in official files; original_resolution=640x240 (below 1280x720 spec; not upsampled); license=CC BY-NC-SA 4.0 academic non-commercial; cam1 has no official per-frame fall labels; cameras are not strictly synchronized; fall_start_ts/fall_end_ts left blank (not copied from cam0)"
videos/livingroom/fall/livingroom_fall_055_20260827.mp4,livingroom,fall,fall,unknown,unknown,unknown,unknown,side_parallel_floor,unknown,640x240,30,2.200,0.867,1.868,annotations/action_events/livingroom_fall_055_20260827.json,meta/sensor/livingroom_fall_055_20260827_acc.csv,"source=URFD fall-28-cam0; source_scene=indoor laboratory, mapped to livingroom; actors=simulated (not elderly); demographics unknown in official files; original_resolution=640x240 (below 1280x720 spec; not upsampled); license=CC BY-NC-SA 4.0 academic non-commercial; fall_start/end from urfall-cam0-falls.csv label 0 (falling) / 1 (lying), converted via *-data.csv time_ms"
videos/livingroom/fall/livingroom_fall_056_20260827.mp4,livingroom,fall,fall,unknown,unknown,unknown,unknown,ceiling,unknown,640x240,30,2.200,,,annotations/action_events/livingroom_fall_056_20260827.json,meta/sensor/livingroom_fall_056_20260827_acc.csv,"source=URFD fall-28-cam1; source_scene=indoor laboratory, mapped to livingroom; actors=simulated (not elderly); demographics unknown in official files; original_resolution=640x240 (below 1280x720 spec; not upsampled); license=CC BY-NC-SA 4.0 academic non-commercial; cam1 has no official per-frame fall labels; cameras are not strictly synchronized; fall_start_ts/fall_end_ts left blank (not copied from cam0)"
videos/livingroom/fall/livingroom_fall_057_20260827.mp4,livingroom,fall,fall,unknown,unknown,unknown,unknown,side_parallel_floor,unknown,640x240,30,3.300,1.601,2.602,annotations/action_events/livingroom_fall_057_20260827.json,meta/sensor/livingroom_fall_057_20260827_acc.csv,"source=URFD fall-29-cam0; source_scene=indoor laboratory, mapped to livingroom; actors=simulated (not elderly); demographics unknown in official files; original_resolution=640x240 (below 1280x720 spec; not upsampled); license=CC BY-NC-SA 4.0 academic non-commercial; fall_start/end from urfall-cam0-falls.csv label 0 (falling) / 1 (lying), converted via *-data.csv time_ms"
videos/livingroom/fall/livingroom_fall_058_20260827.mp4,livingroom,fall,fall,unknown,unknown,unknown,unknown,ceiling,unknown,640x240,30,3.300,,,annotations/action_events/livingroom_fall_058_20260827.json,meta/sensor/livingroom_fall_058_20260827_acc.csv,"source=URFD fall-29-cam1; source_scene=indoor laboratory, mapped to livingroom; actors=simulated (not elderly); demographics unknown in official files; original_resolution=640x240 (below 1280x720 spec; not upsampled); license=CC BY-NC-SA 4.0 academic non-commercial; cam1 has no official per-frame fall labels; cameras are not strictly synchronized; fall_start_ts/fall_end_ts left blank (not copied from cam0)"
videos/livingroom/fall/livingroom_fall_059_20260827.mp4,livingroom,fall,fall,unknown,unknown,unknown,unknown,side_parallel_floor,unknown,640x240,30,2.333,0.800,1.801,annotations/action_events/livingroom_fall_059_20260827.json,meta/sensor/livingroom_fall_059_20260827_acc.csv,"source=URFD fall-30-cam0; source_scene=indoor laboratory, mapped to livingroom; actors=simulated (not elderly); demographics unknown in official files; original_resolution=640x240 (below 1280x720 spec; not upsampled); license=CC BY-NC-SA 4.0 academic non-commercial; fall_start/end from urfall-cam0-falls.csv label 0 (falling) / 1 (lying), converted via *-data.csv time_ms"
videos/livingroom/fall/livingroom_fall_060_20260827.mp4,livingroom,fall,fall,unknown,unknown,unknown,unknown,ceiling,unknown,640x240,30,2.333,,,annotations/action_events/livingroom_fall_060_20260827.json,meta/sensor/livingroom_fall_060_20260827_acc.csv,"source=URFD fall-30-cam1; source_scene=indoor laboratory, mapped to livingroom; actors=simulated (not elderly); demographics unknown in official files; original_resolution=640x240 (below 1280x720 spec; not upsampled); license=CC BY-NC-SA 4.0 academic non-commercial; cam1 has no official per-frame fall labels; cameras are not strictly synchronized; fall_start_ts/fall_end_ts left blank (not copied from cam0)"
videos/livingroom/fall/livingroom_fall_061_20260827.mp4,livingroom,fall,fall,unknown,unknown,unknown,unknown,unknown,unknown,320x240,25,6.280,1.920,3.200,annotations/action_events/livingroom_fall_061_20260827.json,,"source=Le2i Coffee_room_01/video (1).avi; source scene=Coffee room, mapped to livingroom; actors=simulated (not elderly); demographics unknown in official files; original_resolution=320x240 (below 1280x720 spec; not upsampled); transcoded to H.264 CRF23, original codec=rawvideo; license=CC BY-NC-SA; DOI 10.25666/DATAUBFC-2024-04-09; fall frames 48-80 from Annotation_files; timestamps=frame/ffprobe_fps (fps=25; dataset README 25 fps); person_bbox = official xmin,ymin,xmax,ymax at fall-start frame"
videos/livingroom/fall/livingroom_fall_062_20260827.mp4,livingroom,fall,fall,unknown,unknown,unknown,unknown,unknown,unknown,320x240,25,14.480,8.440,9.520,annotations/action_events/livingroom_fall_062_20260827.json,,"source=Le2i Coffee_room_01/video (10).avi; source scene=Coffee room, mapped to livingroom; actors=simulated (not elderly); demographics unknown in official files; original_resolution=320x240 (below 1280x720 spec; not upsampled); transcoded to H.264 CRF23, original codec=rawvideo; license=CC BY-NC-SA; DOI 10.25666/DATAUBFC-2024-04-09; fall frames 211-238 from Annotation_files; timestamps=frame/ffprobe_fps (fps=25; dataset README 25 fps); person_bbox = official xmin,ymin,xmax,ymax at fall-start frame"
videos/livingroom/fall/livingroom_fall_063_20260827.mp4,livingroom,fall,fall,unknown,unknown,unknown,unknown,unknown,unknown,320x240,25,19.320,15.000,16.160,annotations/action_events/livingroom_fall_063_20260827.json,,"source=Le2i Coffee_room_01/video (11).avi; source scene=Coffee room, mapped to livingroom; actors=simulated (not elderly); demographics unknown in official files; original_resolution=320x240 (below 1280x720 spec; not upsampled); transcoded to H.264 CRF23, original codec=rawvideo; license=CC BY-NC-SA; DOI 10.25666/DATAUBFC-2024-04-09; fall frames 375-404 from Annotation_files; timestamps=frame/ffprobe_fps (fps=25; dataset README 25 fps); person_bbox = official xmin,ymin,xmax,ymax at fall-start frame"
videos/livingroom/fall/livingroom_fall_064_20260827.mp4,livingroom,fall,fall,unknown,unknown,unknown,unknown,unknown,unknown,320x240,25,7.280,2.120,3.000,annotations/action_events/livingroom_fall_064_20260827.json,,"source=Le2i Coffee_room_01/video (12).avi; source scene=Coffee room, mapped to livingroom; actors=simulated (not elderly); demographics unknown in official files; original_resolution=320x240 (below 1280x720 spec; not upsampled); transcoded to H.264 CRF23, original codec=rawvideo; license=CC BY-NC-SA; DOI 10.25666/DATAUBFC-2024-04-09; fall frames 53-75 from Annotation_files; timestamps=frame/ffprobe_fps (fps=25; dataset README 25 fps); person_bbox = official xmin,ymin,xmax,ymax at fall-start frame"
videos/livingroom/fall/livingroom_fall_065_20260827.mp4,livingroom,fall,fall,unknown,unknown,unknown,unknown,unknown,unknown,320x240,25,9.760,3.840,4.600,annotations/action_events/livingroom_fall_065_20260827.json,,"source=Le2i Coffee_room_01/video (13).avi; source scene=Coffee room, mapped to livingroom; actors=simulated (not elderly); demographics unknown in official files; original_resolution=320x240 (below 1280x720 spec; not upsampled); transcoded to H.264 CRF23, original codec=rawvideo; license=CC BY-NC-SA; DOI 10.25666/DATAUBFC-2024-04-09; fall frames 96-115 from Annotation_files; timestamps=frame/ffprobe_fps (fps=25; dataset README 25 fps); person_bbox = official xmin,ymin,xmax,ymax at fall-start frame"
videos/livingroom/fall/livingroom_fall_066_20260827.mp4,livingroom,fall,fall,unknown,unknown,unknown,unknown,unknown,unknown,320x240,25,7.040,2.080,3.040,annotations/action_events/livingroom_fall_066_20260827.json,,"source=Le2i Coffee_room_01/video (14).avi; source scene=Coffee room, mapped to livingroom; actors=simulated (not elderly); demographics unknown in official files; original_resolution=320x240 (below 1280x720 spec; not upsampled); transcoded to H.264 CRF23, original codec=rawvideo; license=CC BY-NC-SA; DOI 10.25666/DATAUBFC-2024-04-09; fall frames 52-76 from Annotation_files; timestamps=frame/ffprobe_fps (fps=25; dataset README 25 fps); person_bbox = official xmin,ymin,xmax,ymax at fall-start frame"
videos/livingroom/fall/livingroom_fall_067_20260827.mp4,livingroom,fall,fall,unknown,unknown,unknown,unknown,unknown,unknown,320x240,25,5.600,1.920,2.920,annotations/action_events/livingroom_fall_067_20260827.json,,"source=Le2i Coffee_room_01/video (15).avi; source scene=Coffee room, mapped to livingroom; actors=simulated (not elderly); demographics unknown in official files; original_resolution=320x240 (below 1280x720 spec; not upsampled); transcoded to H.264 CRF23, original codec=rawvideo; license=CC BY-NC-SA; DOI 10.25666/DATAUBFC-2024-04-09; fall frames 48-73 from Annotation_files; timestamps=frame/ffprobe_fps (fps=25; dataset README 25 fps); person_bbox = official xmin,ymin,xmax,ymax at fall-start frame"
videos/livingroom/fall/livingroom_fall_068_20260827.mp4,livingroom,fall,fall,unknown,unknown,unknown,unknown,unknown,unknown,320x240,25,7.080,1.840,2.600,annotations/action_events/livingroom_fall_068_20260827.json,,"source=Le2i Coffee_room_01/video (16).avi; source scene=Coffee room, mapped to livingroom; actors=simulated (not elderly); demographics unknown in official files; original_resolution=320x240 (below 1280x720 spec; not upsampled); transcoded to H.264 CRF23, original codec=rawvideo; license=CC BY-NC-SA; DOI 10.25666/DATAUBFC-2024-04-09; fall frames 46-65 from Annotation_files; timestamps=frame/ffprobe_fps (fps=25; dataset README 25 fps); person_bbox = official xmin,ymin,xmax,ymax at fall-start frame"
videos/livingroom/fall/livingroom_fall_069_20260827.mp4,livingroom,fall,fall,unknown,unknown,unknown,unknown,unknown,unknown,320x240,25,6.320,0.800,2.280,annotations/action_events/livingroom_fall_069_20260827.json,,"source=Le2i Coffee_room_01/video (17).avi; source scene=Coffee room, mapped to livingroom; actors=simulated (not elderly); demographics unknown in official files; original_resolution=320x240 (below 1280x720 spec; not upsampled); transcoded to H.264 CRF23, original codec=rawvideo; license=CC BY-NC-SA; DOI 10.25666/DATAUBFC-2024-04-09; fall frames 20-57 from Annotation_files; timestamps=frame/ffprobe_fps (fps=25; dataset README 25 fps); person_bbox = official xmin,ymin,xmax,ymax at fall-start frame"
videos/livingroom/fall/livingroom_fall_070_20260827.mp4,livingroom,fall,fall,unknown,unknown,unknown,unknown,unknown,unknown,320x240,25,10.760,6.160,7.360,annotations/action_events/livingroom_fall_070_20260827.json,,"source=Le2i Coffee_room_01/video (18).avi; source scene=Coffee room, mapped to livingroom; actors=simulated (not elderly); demographics unknown in official files; original_resolution=320x240 (below 1280x720 spec; not upsampled); transcoded to H.264 CRF23, original codec=rawvideo; license=CC BY-NC-SA; DOI 10.25666/DATAUBFC-2024-04-09; fall frames 154-184 from Annotation_files; timestamps=frame/ffprobe_fps (fps=25; dataset README 25 fps); person_bbox = official xmin,ymin,xmax,ymax at fall-start frame"
videos/livingroom/fall/livingroom_fall_071_20260827.mp4,livingroom,fall,fall,unknown,unknown,unknown,unknown,unknown,unknown,320x240,25,8.520,3.560,5.160,annotations/action_events/livingroom_fall_071_20260827.json,,"source=Le2i Coffee_room_01/video (19).avi; source scene=Coffee room, mapped to livingroom; actors=simulated (not elderly); demographics unknown in official files; original_resolution=320x240 (below 1280x720 spec; not upsampled); transcoded to H.264 CRF23, original codec=rawvideo; license=CC BY-NC-SA; DOI 10.25666/DATAUBFC-2024-04-09; fall frames 89-129 from Annotation_files; timestamps=frame/ffprobe_fps (fps=25; dataset README 25 fps); person_bbox = official xmin,ymin,xmax,ymax at fall-start frame"
videos/livingroom/fall/livingroom_fall_072_20260827.mp4,livingroom,fall,fall,unknown,unknown,unknown,unknown,unknown,unknown,320x240,25,12.240,7.680,8.760,annotations/action_events/livingroom_fall_072_20260827.json,,"source=Le2i Coffee_room_01/video (2).avi; source scene=Coffee room, mapped to livingroom; actors=simulated (not elderly); demographics unknown in official files; original_resolution=320x240 (below 1280x720 spec; not upsampled); transcoded to H.264 CRF23, original codec=rawvideo; license=CC BY-NC-SA; DOI 10.25666/DATAUBFC-2024-04-09; fall frames 192-219 from Annotation_files; timestamps=frame/ffprobe_fps (fps=25; dataset README 25 fps); person_bbox = official xmin,ymin,xmax,ymax at fall-start frame"
videos/livingroom/fall/livingroom_fall_073_20260827.mp4,livingroom,fall,fall,unknown,unknown,unknown,unknown,unknown,unknown,320x240,25,17.760,13.200,15.000,annotations/action_events/livingroom_fall_073_20260827.json,,"source=Le2i Coffee_room_01/video (20).avi; source scene=Coffee room, mapped to livingroom; actors=simulated (not elderly); demographics unknown in official files; original_resolution=320x240 (below 1280x720 spec; not upsampled); transcoded to H.264 CRF23, original codec=rawvideo; license=CC BY-NC-SA; DOI 10.25666/DATAUBFC-2024-04-09; fall frames 330-375 from Annotation_files; timestamps=frame/ffprobe_fps (fps=25; dataset README 25 fps); person_bbox = official xmin,ymin,xmax,ymax at fall-start frame"
videos/livingroom/fall/livingroom_fall_074_20260827.mp4,livingroom,fall,fall,unknown,unknown,unknown,unknown,unknown,unknown,320x240,25,7.280,3.400,4.040,annotations/action_events/livingroom_fall_074_20260827.json,,"source=Le2i Coffee_room_01/video (21).avi; source scene=Coffee room, mapped to livingroom; actors=simulated (not elderly); demographics unknown in official files; original_resolution=320x240 (below 1280x720 spec; not upsampled); transcoded to H.264 CRF23, original codec=rawvideo; license=CC BY-NC-SA; DOI 10.25666/DATAUBFC-2024-04-09; fall frames 85-101 from Annotation_files; timestamps=frame/ffprobe_fps (fps=25; dataset README 25 fps); person_bbox = official xmin,ymin,xmax,ymax at fall-start frame"
videos/livingroom/fall/livingroom_fall_075_20260827.mp4,livingroom,fall,fall,unknown,unknown,unknown,unknown,unknown,unknown,320x240,25,9.160,5.000,5.600,annotations/action_events/livingroom_fall_075_20260827.json,,"source=Le2i Coffee_room_01/video (22).avi; source scene=Coffee room, mapped to livingroom; actors=simulated (not elderly); demographics unknown in official files; original_resolution=320x240 (below 1280x720 spec; not upsampled); transcoded to H.264 CRF23, original codec=rawvideo; license=CC BY-NC-SA; DOI 10.25666/DATAUBFC-2024-04-09; fall frames 125-140 from Annotation_files; timestamps=frame/ffprobe_fps (fps=25; dataset README 25 fps); person_bbox = official xmin,ymin,xmax,ymax at fall-start frame"
videos/livingroom/fall/livingroom_fall_076_20260827.mp4,livingroom,fall,fall,unknown,unknown,unknown,unknown,unknown,unknown,320x240,25,12.440,8.360,9.760,annotations/action_events/livingroom_fall_076_20260827.json,,"source=Le2i Coffee_room_01/video (23).avi; source scene=Coffee room, mapped to livingroom; actors=simulated (not elderly); demographics unknown in official files; original_resolution=320x240 (below 1280x720 spec; not upsampled); transcoded to H.264 CRF23, original codec=rawvideo; license=CC BY-NC-SA; DOI 10.25666/DATAUBFC-2024-04-09; fall frames 209-244 from Annotation_files; timestamps=frame/ffprobe_fps (fps=25; dataset README 25 fps); person_bbox = official xmin,ymin,xmax,ymax at fall-start frame"
videos/livingroom/fall/livingroom_fall_077_20260827.mp4,livingroom,fall,fall,unknown,unknown,unknown,unknown,unknown,unknown,320x240,25,10.680,8.360,9.400,annotations/action_events/livingroom_fall_077_20260827.json,,"source=Le2i Coffee_room_01/video (24).avi; source scene=Coffee room, mapped to livingroom; actors=simulated (not elderly); demographics unknown in official files; original_resolution=320x240 (below 1280x720 spec; not upsampled); transcoded to H.264 CRF23, original codec=rawvideo; license=CC BY-NC-SA; DOI 10.25666/DATAUBFC-2024-04-09; fall frames 209-235 from Annotation_files; timestamps=frame/ffprobe_fps (fps=25; dataset README 25 fps); person_bbox = official xmin,ymin,xmax,ymax at fall-start frame"
videos/livingroom/fall/livingroom_fall_078_20260827.mp4,livingroom,fall,fall,unknown,unknown,unknown,unknown,unknown,unknown,320x240,25,10.480,5.480,7.160,annotations/action_events/livingroom_fall_078_20260827.json,,"source=Le2i Coffee_room_01/video (25).avi; source scene=Coffee room, mapped to livingroom; actors=simulated (not elderly); demographics unknown in official files; original_resolution=320x240 (below 1280x720 spec; not upsampled); transcoded to H.264 CRF23, original codec=rawvideo; license=CC BY-NC-SA; DOI 10.25666/DATAUBFC-2024-04-09; fall frames 137-179 from Annotation_files; timestamps=frame/ffprobe_fps (fps=25; dataset README 25 fps); person_bbox = official xmin,ymin,xmax,ymax at fall-start frame"
videos/livingroom/fall/livingroom_fall_079_20260827.mp4,livingroom,fall,fall,unknown,unknown,unknown,unknown,unknown,unknown,320x240,25,11.120,0.040,0.080,annotations/action_events/livingroom_fall_079_20260827.json,,"source=Le2i Coffee_room_01/video (26).avi; source scene=Coffee room, mapped to livingroom; actors=simulated (not elderly); demographics unknown in official files; original_resolution=320x240 (below 1280x720 spec; not upsampled); transcoded to H.264 CRF23, original codec=rawvideo; license=CC BY-NC-SA; DOI 10.25666/DATAUBFC-2024-04-09; fall frames 1-2 from Annotation_files; timestamps=frame/ffprobe_fps (fps=25; dataset README 25 fps); person_bbox null (no official box at fall-start frame, or not a fall)"
videos/livingroom/fall/livingroom_fall_080_20260827.mp4,livingroom,fall,fall,unknown,unknown,unknown,unknown,unknown,unknown,320x240,25,10.120,6.520,7.840,annotations/action_events/livingroom_fall_080_20260827.json,,"source=Le2i Coffee_room_01/video (27).avi; source scene=Coffee room, mapped to livingroom; actors=simulated (not elderly); demographics unknown in official files; original_resolution=320x240 (below 1280x720 spec; not upsampled); transcoded to H.264 CRF23, original codec=rawvideo; license=CC BY-NC-SA; DOI 10.25666/DATAUBFC-2024-04-09; fall frames 163-196 from Annotation_files; timestamps=frame/ffprobe_fps (fps=25; dataset README 25 fps); person_bbox = official xmin,ymin,xmax,ymax at fall-start frame"
videos/livingroom/fall/livingroom_fall_081_20260827.mp4,livingroom,fall,fall,unknown,unknown,unknown,unknown,unknown,unknown,320x240,25,7.000,2.360,3.600,annotations/action_events/livingroom_fall_081_20260827.json,,"source=Le2i Coffee_room_01/video (28).avi; source scene=Coffee room, mapped to livingroom; actors=simulated (not elderly); demographics unknown in official files; original_resolution=320x240 (below 1280x720 spec; not upsampled); transcoded to H.264 CRF23, original codec=rawvideo; license=CC BY-NC-SA; DOI 10.25666/DATAUBFC-2024-04-09; fall frames 59-90 from Annotation_files; timestamps=frame/ffprobe_fps (fps=25; dataset README 25 fps); person_bbox = official xmin,ymin,xmax,ymax at fall-start frame"
videos/livingroom/fall/livingroom_fall_082_20260827.mp4,livingroom,fall,fall,unknown,unknown,unknown,unknown,unknown,unknown,320x240,25,13.120,11.880,13.120,annotations/action_events/livingroom_fall_082_20260827.json,,"source=Le2i Coffee_room_01/video (29).avi; source scene=Coffee room, mapped to livingroom; actors=simulated (not elderly); demographics unknown in official files; original_resolution=320x240 (below 1280x720 spec; not upsampled); transcoded to H.264 CRF23, original codec=rawvideo; license=CC BY-NC-SA; DOI 10.25666/DATAUBFC-2024-04-09; fall frames 297-328 from Annotation_files; timestamps=frame/ffprobe_fps (fps=25; dataset README 25 fps); person_bbox = official xmin,ymin,xmax,ymax at fall-start frame"
videos/livingroom/fall/livingroom_fall_083_20260827.mp4,livingroom,fall,fall,unknown,unknown,unknown,unknown,unknown,unknown,320x240,25,12.160,8.920,10.440,annotations/action_events/livingroom_fall_083_20260827.json,,"source=Le2i Coffee_room_01/video (3).avi; source scene=Coffee room, mapped to livingroom; actors=simulated (not elderly); demographics unknown in official files; original_resolution=320x240 (below 1280x720 spec; not upsampled); transcoded to H.264 CRF23, original codec=rawvideo; license=CC BY-NC-SA; DOI 10.25666/DATAUBFC-2024-04-09; fall frames 223-261 from Annotation_files; timestamps=frame/ffprobe_fps (fps=25; dataset README 25 fps); person_bbox = official xmin,ymin,xmax,ymax at fall-start frame"
videos/livingroom/fall/livingroom_fall_084_20260827.mp4,livingroom,fall,fall,unknown,unknown,unknown,unknown,unknown,unknown,320x240,25,5.800,3.200,4.160,annotations/action_events/livingroom_fall_084_20260827.json,,"source=Le2i Coffee_room_01/video (30).avi; source scene=Coffee room, mapped to livingroom; actors=simulated (not elderly); demographics unknown in official files; original_resolution=320x240 (below 1280x720 spec; not upsampled); transcoded to H.264 CRF23, original codec=rawvideo; license=CC BY-NC-SA; DOI 10.25666/DATAUBFC-2024-04-09; fall frames 80-104 from Annotation_files; timestamps=frame/ffprobe_fps (fps=25; dataset README 25 fps); person_bbox = official xmin,ymin,xmax,ymax at fall-start frame"
videos/livingroom/fall/livingroom_fall_085_20260827.mp4,livingroom,fall,fall,unknown,unknown,unknown,unknown,unknown,unknown,320x240,25,10.600,6.320,7.040,annotations/action_events/livingroom_fall_085_20260827.json,,"source=Le2i Coffee_room_01/video (31).avi; source scene=Coffee room, mapped to livingroom; actors=simulated (not elderly); demographics unknown in official files; original_resolution=320x240 (below 1280x720 spec; not upsampled); transcoded to H.264 CRF23, original codec=rawvideo; license=CC BY-NC-SA; DOI 10.25666/DATAUBFC-2024-04-09; fall frames 158-176 from Annotation_files; timestamps=frame/ffprobe_fps (fps=25; dataset README 25 fps); person_bbox = official xmin,ymin,xmax,ymax at fall-start frame"
videos/livingroom/fall/livingroom_fall_086_20260827.mp4,livingroom,fall,fall,unknown,unknown,unknown,unknown,unknown,unknown,320x240,25,12.200,8.240,9.160,annotations/action_events/livingroom_fall_086_20260827.json,,"source=Le2i Coffee_room_01/video (32).avi; source scene=Coffee room, mapped to livingroom; actors=simulated (not elderly); demographics unknown in official files; original_resolution=320x240 (below 1280x720 spec; not upsampled); transcoded to H.264 CRF23, original codec=rawvideo; license=CC BY-NC-SA; DOI 10.25666/DATAUBFC-2024-04-09; fall frames 206-229 from Annotation_files; timestamps=frame/ffprobe_fps (fps=25; dataset README 25 fps); person_bbox = official xmin,ymin,xmax,ymax at fall-start frame"
videos/livingroom/fall/livingroom_fall_087_20260827.mp4,livingroom,fall,fall,unknown,unknown,unknown,unknown,unknown,unknown,320x240,25,9.080,3.480,4.640,annotations/action_events/livingroom_fall_087_20260827.json,,"source=Le2i Coffee_room_01/video (33).avi; source scene=Coffee room, mapped to livingroom; actors=simulated (not elderly); demographics unknown in official files; original_resolution=320x240 (below 1280x720 spec; not upsampled); transcoded to H.264 CRF23, original codec=rawvideo; license=CC BY-NC-SA; DOI 10.25666/DATAUBFC-2024-04-09; fall frames 87-116 from Annotation_files; timestamps=frame/ffprobe_fps (fps=25; dataset README 25 fps); person_bbox = official xmin,ymin,xmax,ymax at fall-start frame"
videos/livingroom/fall/livingroom_fall_088_20260827.mp4,livingroom,fall,fall,unknown,unknown,unknown,unknown,unknown,unknown,320x240,25,16.600,13.240,14.280,annotations/action_events/livingroom_fall_088_20260827.json,,"source=Le2i Coffee_room_01/video (34).avi; source scene=Coffee room, mapped to livingroom; actors=simulated (not elderly); demographics unknown in official files; original_resolution=320x240 (below 1280x720 spec; not upsampled); transcoded to H.264 CRF23, original codec=rawvideo; license=CC BY-NC-SA; DOI 10.25666/DATAUBFC-2024-04-09; fall frames 331-357 from Annotation_files; timestamps=frame/ffprobe_fps (fps=25; dataset README 25 fps); person_bbox = official xmin,ymin,xmax,ymax at fall-start frame"
videos/livingroom/fall/livingroom_fall_089_20260827.mp4,livingroom,fall,fall,unknown,unknown,unknown,unknown,unknown,unknown,320x240,25,9.240,2.960,4.240,annotations/action_events/livingroom_fall_089_20260827.json,,"source=Le2i Coffee_room_01/video (35).avi; source scene=Coffee room, mapped to livingroom; actors=simulated (not elderly); demographics unknown in official files; original_resolution=320x240 (below 1280x720 spec; not upsampled); transcoded to H.264 CRF23, original codec=rawvideo; license=CC BY-NC-SA; DOI 10.25666/DATAUBFC-2024-04-09; fall frames 74-106 from Annotation_files; timestamps=frame/ffprobe_fps (fps=25; dataset README 25 fps); person_bbox = official xmin,ymin,xmax,ymax at fall-start frame"
videos/livingroom/fall/livingroom_fall_090_20260827.mp4,livingroom,fall,fall,unknown,unknown,unknown,unknown,unknown,unknown,320x240,25,48.120,43.520,44.640,annotations/action_events/livingroom_fall_090_20260827.json,,"source=Le2i Coffee_room_01/video (36).avi; source scene=Coffee room, mapped to livingroom; actors=simulated (not elderly); demographics unknown in official files; original_resolution=320x240 (below 1280x720 spec; not upsampled); transcoded to H.264 CRF23, original codec=rawvideo; license=CC BY-NC-SA; DOI 10.25666/DATAUBFC-2024-04-09; fall frames 1088-1116 from Annotation_files; timestamps=frame/ffprobe_fps (fps=25; dataset README 25 fps); person_bbox = official xmin,ymin,xmax,ymax at fall-start frame"
videos/livingroom/fall/livingroom_fall_091_20260827.mp4,livingroom,fall,fall,unknown,unknown,unknown,unknown,unknown,unknown,320x240,25,8.240,2.280,3.280,annotations/action_events/livingroom_fall_091_20260827.json,,"source=Le2i Coffee_room_01/video (37).avi; source scene=Coffee room, mapped to livingroom; actors=simulated (not elderly); demographics unknown in official files; original_resolution=320x240 (below 1280x720 spec; not upsampled); transcoded to H.264 CRF23, original codec=rawvideo; license=CC BY-NC-SA; DOI 10.25666/DATAUBFC-2024-04-09; fall frames 57-82 from Annotation_files; timestamps=frame/ffprobe_fps (fps=25; dataset README 25 fps); person_bbox = official xmin,ymin,xmax,ymax at fall-start frame"
videos/livingroom/fall/livingroom_fall_092_20260827.mp4,livingroom,fall,fall,unknown,unknown,unknown,unknown,unknown,unknown,320x240,25,14.080,9.480,10.400,annotations/action_events/livingroom_fall_092_20260827.json,,"source=Le2i Coffee_room_01/video (38).avi; source scene=Coffee room, mapped to livingroom; actors=simulated (not elderly); demographics unknown in official files; original_resolution=320x240 (below 1280x720 spec; not upsampled); transcoded to H.264 CRF23, original codec=rawvideo; license=CC BY-NC-SA; DOI 10.25666/DATAUBFC-2024-04-09; fall frames 237-260 from Annotation_files; timestamps=frame/ffprobe_fps (fps=25; dataset README 25 fps); person_bbox = official xmin,ymin,xmax,ymax at fall-start frame"
videos/livingroom/fall/livingroom_fall_093_20260827.mp4,livingroom,fall,fall,unknown,unknown,unknown,unknown,unknown,unknown,320x240,25,6.280,1.960,3.000,annotations/action_events/livingroom_fall_093_20260827.json,,"source=Le2i Coffee_room_01/video (39).avi; source scene=Coffee room, mapped to livingroom; actors=simulated (not elderly); demographics unknown in official files; original_resolution=320x240 (below 1280x720 spec; not upsampled); transcoded to H.264 CRF23, original codec=rawvideo; license=CC BY-NC-SA; DOI 10.25666/DATAUBFC-2024-04-09; fall frames 49-75 from Annotation_files; timestamps=frame/ffprobe_fps (fps=25; dataset README 25 fps); person_bbox = official xmin,ymin,xmax,ymax at fall-start frame"
videos/livingroom/fall/livingroom_fall_094_20260827.mp4,livingroom,fall,fall,unknown,unknown,unknown,unknown,unknown,unknown,320x240,25,8.280,4.920,6.200,annotations/action_events/livingroom_fall_094_20260827.json,,"source=Le2i Coffee_room_01/video (4).avi; source scene=Coffee room, mapped to livingroom; actors=simulated (not elderly); demographics unknown in official files; original_resolution=320x240 (below 1280x720 spec; not upsampled); transcoded to H.264 CRF23, original codec=rawvideo; license=CC BY-NC-SA; DOI 10.25666/DATAUBFC-2024-04-09; fall frames 123-155 from Annotation_files; timestamps=frame/ffprobe_fps (fps=25; dataset README 25 fps); person_bbox = official xmin,ymin,xmax,ymax at fall-start frame"
videos/livingroom/fall/livingroom_fall_095_20260827.mp4,livingroom,fall,fall,unknown,unknown,unknown,unknown,unknown,unknown,320x240,25,14.000,10.360,11.680,annotations/action_events/livingroom_fall_095_20260827.json,,"source=Le2i Coffee_room_01/video (40).avi; source scene=Coffee room, mapped to livingroom; actors=simulated (not elderly); demographics unknown in official files; original_resolution=320x240 (below 1280x720 spec; not upsampled); transcoded to H.264 CRF23, original codec=rawvideo; license=CC BY-NC-SA; DOI 10.25666/DATAUBFC-2024-04-09; fall frames 259-292 from Annotation_files; timestamps=frame/ffprobe_fps (fps=25; dataset README 25 fps); person_bbox = official xmin,ymin,xmax,ymax at fall-start frame"
videos/livingroom/fall/livingroom_fall_096_20260827.mp4,livingroom,fall,fall,unknown,unknown,unknown,unknown,unknown,unknown,320x240,25,15.280,10.680,11.680,annotations/action_events/livingroom_fall_096_20260827.json,,"source=Le2i Coffee_room_01/video (41).avi; source scene=Coffee room, mapped to livingroom; actors=simulated (not elderly); demographics unknown in official files; original_resolution=320x240 (below 1280x720 spec; not upsampled); transcoded to H.264 CRF23, original codec=rawvideo; license=CC BY-NC-SA; DOI 10.25666/DATAUBFC-2024-04-09; fall frames 267-292 from Annotation_files; timestamps=frame/ffprobe_fps (fps=25; dataset README 25 fps); person_bbox = official xmin,ymin,xmax,ymax at fall-start frame"
videos/livingroom/fall/livingroom_fall_097_20260827.mp4,livingroom,fall,fall,unknown,unknown,unknown,unknown,unknown,unknown,320x240,25,6.360,4.440,5.240,annotations/action_events/livingroom_fall_097_20260827.json,,"source=Le2i Coffee_room_01/video (42).avi; source scene=Coffee room, mapped to livingroom; actors=simulated (not elderly); demographics unknown in official files; original_resolution=320x240 (below 1280x720 spec; not upsampled); transcoded to H.264 CRF23, original codec=rawvideo; license=CC BY-NC-SA; DOI 10.25666/DATAUBFC-2024-04-09; fall frames 111-131 from Annotation_files; timestamps=frame/ffprobe_fps (fps=25; dataset README 25 fps); person_bbox = official xmin,ymin,xmax,ymax at fall-start frame"
videos/livingroom/fall/livingroom_fall_098_20260827.mp4,livingroom,fall,fall,unknown,unknown,unknown,unknown,unknown,unknown,320x240,25,28.720,25.280,26.480,annotations/action_events/livingroom_fall_098_20260827.json,,"source=Le2i Coffee_room_01/video (43).avi; source scene=Coffee room, mapped to livingroom; actors=simulated (not elderly); demographics unknown in official files; original_resolution=320x240 (below 1280x720 spec; not upsampled); transcoded to H.264 CRF23, original codec=rawvideo; license=CC BY-NC-SA; DOI 10.25666/DATAUBFC-2024-04-09; fall frames 632-662 from Annotation_files; timestamps=frame/ffprobe_fps (fps=25; dataset README 25 fps); person_bbox = official xmin,ymin,xmax,ymax at fall-start frame"
videos/livingroom/fall/livingroom_fall_099_20260827.mp4,livingroom,fall,fall,unknown,unknown,unknown,unknown,unknown,unknown,320x240,25,5.320,2.160,3.440,annotations/action_events/livingroom_fall_099_20260827.json,,"source=Le2i Coffee_room_01/video (44).avi; source scene=Coffee room, mapped to livingroom; actors=simulated (not elderly); demographics unknown in official files; original_resolution=320x240 (below 1280x720 spec; not upsampled); transcoded to H.264 CRF23, original codec=rawvideo; license=CC BY-NC-SA; DOI 10.25666/DATAUBFC-2024-04-09; fall frames 54-86 from Annotation_files; timestamps=frame/ffprobe_fps (fps=25; dataset README 25 fps); person_bbox = official xmin,ymin,xmax,ymax at fall-start frame"
videos/livingroom/fall/livingroom_fall_100_20260827.mp4,livingroom,fall,fall,unknown,unknown,unknown,unknown,unknown,unknown,320x240,25,8.600,4.000,5.160,annotations/action_events/livingroom_fall_100_20260827.json,,"source=Le2i Coffee_room_01/video (45).avi; source scene=Coffee room, mapped to livingroom; actors=simulated (not elderly); demographics unknown in official files; original_resolution=320x240 (below 1280x720 spec; not upsampled); transcoded to H.264 CRF23, original codec=rawvideo; license=CC BY-NC-SA; DOI 10.25666/DATAUBFC-2024-04-09; fall frames 100-129 from Annotation_files; timestamps=frame/ffprobe_fps (fps=25; dataset README 25 fps); person_bbox = official xmin,ymin,xmax,ymax at fall-start frame"
videos/livingroom/fall/livingroom_fall_101_20260827.mp4,livingroom,fall,fall,unknown,unknown,unknown,unknown,unknown,unknown,320x240,25,11.680,6.600,7.480,annotations/action_events/livingroom_fall_101_20260827.json,,"source=Le2i Coffee_room_01/video (46).avi; source scene=Coffee room, mapped to livingroom; actors=simulated (not elderly); demographics unknown in official files; original_resolution=320x240 (below 1280x720 spec; not upsampled); transcoded to H.264 CRF23, original codec=rawvideo; license=CC BY-NC-SA; DOI 10.25666/DATAUBFC-2024-04-09; fall frames 165-187 from Annotation_files; timestamps=frame/ffprobe_fps (fps=25; dataset README 25 fps); person_bbox = official xmin,ymin,xmax,ymax at fall-start frame"
videos/livingroom/fall/livingroom_fall_102_20260827.mp4,livingroom,fall,fall,unknown,unknown,unknown,unknown,unknown,unknown,320x240,25,29.160,25.000,26.320,annotations/action_events/livingroom_fall_102_20260827.json,,"source=Le2i Coffee_room_01/video (47).avi; source scene=Coffee room, mapped to livingroom; actors=simulated (not elderly); demographics unknown in official files; original_resolution=320x240 (below 1280x720 spec; not upsampled); transcoded to H.264 CRF23, original codec=rawvideo; license=CC BY-NC-SA; DOI 10.25666/DATAUBFC-2024-04-09; fall frames 625-658 from Annotation_files; timestamps=frame/ffprobe_fps (fps=25; dataset README 25 fps); person_bbox = official xmin,ymin,xmax,ymax at fall-start frame"
videos/livingroom/fall/livingroom_fall_103_20260827.mp4,livingroom,fall,fall,unknown,unknown,unknown,unknown,unknown,unknown,320x240,25,31.160,26.160,27.440,annotations/action_events/livingroom_fall_103_20260827.json,,"source=Le2i Coffee_room_01/video (48).avi; source scene=Coffee room, mapped to livingroom; actors=simulated (not elderly); demographics unknown in official files; original_resolution=320x240 (below 1280x720 spec; not upsampled); transcoded to H.264 CRF23, original codec=rawvideo; license=CC BY-NC-SA; DOI 10.25666/DATAUBFC-2024-04-09; fall frames 654-686 from Annotation_files; timestamps=frame/ffprobe_fps (fps=25; dataset README 25 fps); person_bbox = official xmin,ymin,xmax,ymax at fall-start frame"
videos/livingroom/fall/livingroom_fall_104_20260827.mp4,livingroom,fall,fall,unknown,unknown,unknown,unknown,unknown,unknown,320x240,25,7.240,5.160,6.440,annotations/action_events/livingroom_fall_104_20260827.json,,"source=Le2i Coffee_room_01/video (5).avi; source scene=Coffee room, mapped to livingroom; actors=simulated (not elderly); demographics unknown in official files; original_resolution=320x240 (below 1280x720 spec; not upsampled); transcoded to H.264 CRF23, original codec=rawvideo; license=CC BY-NC-SA; DOI 10.25666/DATAUBFC-2024-04-09; fall frames 129-161 from Annotation_files; timestamps=frame/ffprobe_fps (fps=25; dataset README 25 fps); person_bbox = official xmin,ymin,xmax,ymax at fall-start frame"
videos/livingroom/fall/livingroom_fall_105_20260827.mp4,livingroom,fall,fall,unknown,unknown,unknown,unknown,unknown,unknown,320x240,25,9.560,5.440,6.600,annotations/action_events/livingroom_fall_105_20260827.json,,"source=Le2i Coffee_room_01/video (6).avi; source scene=Coffee room, mapped to livingroom; actors=simulated (not elderly); demographics unknown in official files; original_resolution=320x240 (below 1280x720 spec; not upsampled); transcoded to H.264 CRF23, original codec=rawvideo; license=CC BY-NC-SA; DOI 10.25666/DATAUBFC-2024-04-09; fall frames 136-165 from Annotation_files; timestamps=frame/ffprobe_fps (fps=25; dataset README 25 fps); person_bbox = official xmin,ymin,xmax,ymax at fall-start frame"
videos/livingroom/fall/livingroom_fall_106_20260827.mp4,livingroom,fall,fall,unknown,unknown,unknown,unknown,unknown,unknown,320x240,25,6.960,3.840,5.040,annotations/action_events/livingroom_fall_106_20260827.json,,"source=Le2i Coffee_room_01/video (7).avi; source scene=Coffee room, mapped to livingroom; actors=simulated (not elderly); demographics unknown in official files; original_resolution=320x240 (below 1280x720 spec; not upsampled); transcoded to H.264 CRF23, original codec=rawvideo; license=CC BY-NC-SA; DOI 10.25666/DATAUBFC-2024-04-09; fall frames 96-126 from Annotation_files; timestamps=frame/ffprobe_fps (fps=25; dataset README 25 fps); person_bbox = official xmin,ymin,xmax,ymax at fall-start frame"
videos/livingroom/fall/livingroom_fall_107_20260827.mp4,livingroom,fall,fall,unknown,unknown,unknown,unknown,unknown,unknown,320x240,25,10.320,6.280,7.280,annotations/action_events/livingroom_fall_107_20260827.json,,"source=Le2i Coffee_room_01/video (8).avi; source scene=Coffee room, mapped to livingroom; actors=simulated (not elderly); demographics unknown in official files; original_resolution=320x240 (below 1280x720 spec; not upsampled); transcoded to H.264 CRF23, original codec=rawvideo; license=CC BY-NC-SA; DOI 10.25666/DATAUBFC-2024-04-09; fall frames 157-182 from Annotation_files; timestamps=frame/ffprobe_fps (fps=25; dataset README 25 fps); person_bbox = official xmin,ymin,xmax,ymax at fall-start frame"
videos/livingroom/fall/livingroom_fall_108_20260827.mp4,livingroom,fall,fall,unknown,unknown,unknown,unknown,unknown,unknown,320x240,25,8.240,3.720,5.000,annotations/action_events/livingroom_fall_108_20260827.json,,"source=Le2i Coffee_room_01/video (9).avi; source scene=Coffee room, mapped to livingroom; actors=simulated (not elderly); demographics unknown in official files; original_resolution=320x240 (below 1280x720 spec; not upsampled); transcoded to H.264 CRF23, original codec=rawvideo; license=CC BY-NC-SA; DOI 10.25666/DATAUBFC-2024-04-09; fall frames 93-125 from Annotation_files; timestamps=frame/ffprobe_fps (fps=25; dataset README 25 fps); person_bbox = official xmin,ymin,xmax,ymax at fall-start frame"
videos/livingroom/fall/livingroom_fall_109_20260827.mp4,livingroom,fall,fall,unknown,unknown,unknown,unknown,unknown,unknown,320x240,25,19.680,17.080,18.160,annotations/action_events/livingroom_fall_109_20260827.json,,"source=Le2i Coffee_room_02/video (49).avi; source scene=Coffee room, mapped to livingroom; actors=simulated (not elderly); demographics unknown in official files; original_resolution=320x240 (below 1280x720 spec; not upsampled); transcoded to H.264 CRF23, original codec=rawvideo; license=CC BY-NC-SA; DOI 10.25666/DATAUBFC-2024-04-09; fall frames 427-454 from Annotation_files; timestamps=frame/ffprobe_fps (fps=25; dataset README 25 fps); person_bbox = official xmin,ymin,xmax,ymax at fall-start frame"
videos/livingroom/fall/livingroom_fall_110_20260827.mp4,livingroom,fall,fall,unknown,unknown,unknown,unknown,unknown,unknown,320x240,25,78.160,0.040,0.080,annotations/action_events/livingroom_fall_110_20260827.json,,"source=Le2i Coffee_room_02/video (50).avi; source scene=Coffee room, mapped to livingroom; actors=simulated (not elderly); demographics unknown in official files; original_resolution=320x240 (below 1280x720 spec; not upsampled); transcoded to H.264 CRF23, original codec=rawvideo; license=CC BY-NC-SA; DOI 10.25666/DATAUBFC-2024-04-09; fall frames 1-2 from Annotation_files; timestamps=frame/ffprobe_fps (fps=25; dataset README 25 fps); person_bbox null (no official box at fall-start frame, or not a fall)"
videos/livingroom/fall/livingroom_fall_111_20260827.mp4,livingroom,fall,fall,unknown,unknown,unknown,unknown,unknown,unknown,320x240,25,8.120,3.040,4.680,annotations/action_events/livingroom_fall_111_20260827.json,,"source=Le2i Coffee_room_02/video (51).avi; source scene=Coffee room, mapped to livingroom; actors=simulated (not elderly); demographics unknown in official files; original_resolution=320x240 (below 1280x720 spec; not upsampled); transcoded to H.264 CRF23, original codec=rawvideo; license=CC BY-NC-SA; DOI 10.25666/DATAUBFC-2024-04-09; fall frames 76-117 from Annotation_files; timestamps=frame/ffprobe_fps (fps=25; dataset README 25 fps); person_bbox = official xmin,ymin,xmax,ymax at fall-start frame"
videos/livingroom/fall/livingroom_fall_112_20260827.mp4,livingroom,fall,fall,unknown,unknown,unknown,unknown,unknown,unknown,320x240,25,8.600,0.040,0.080,annotations/action_events/livingroom_fall_112_20260827.json,,"source=Le2i Coffee_room_02/video (52).avi; source scene=Coffee room, mapped to livingroom; actors=simulated (not elderly); demographics unknown in official files; original_resolution=320x240 (below 1280x720 spec; not upsampled); transcoded to H.264 CRF23, original codec=rawvideo; license=CC BY-NC-SA; DOI 10.25666/DATAUBFC-2024-04-09; fall frames 1-2 from Annotation_files; timestamps=frame/ffprobe_fps (fps=25; dataset README 25 fps); person_bbox null (no official box at fall-start frame, or not a fall)"
videos/livingroom/fall/livingroom_fall_113_20260827.mp4,livingroom,fall,fall,unknown,unknown,unknown,unknown,unknown,unknown,320x240,25,15.320,10.440,11.560,annotations/action_events/livingroom_fall_113_20260827.json,,"source=Le2i Coffee_room_02/video (53).avi; source scene=Coffee room, mapped to livingroom; actors=simulated (not elderly); demographics unknown in official files; original_resolution=320x240 (below 1280x720 spec; not upsampled); transcoded to H.264 CRF23, original codec=rawvideo; license=CC BY-NC-SA; DOI 10.25666/DATAUBFC-2024-04-09; fall frames 261-289 from Annotation_files; timestamps=frame/ffprobe_fps (fps=25; dataset README 25 fps); person_bbox = official xmin,ymin,xmax,ymax at fall-start frame"
videos/livingroom/fall/livingroom_fall_114_20260827.mp4,livingroom,fall,fall,unknown,unknown,unknown,unknown,unknown,unknown,320x240,25,10.040,6.280,7.160,annotations/action_events/livingroom_fall_114_20260827.json,,"source=Le2i Coffee_room_02/video (54).avi; source scene=Coffee room, mapped to livingroom; actors=simulated (not elderly); demographics unknown in official files; original_resolution=320x240 (below 1280x720 spec; not upsampled); transcoded to H.264 CRF23, original codec=rawvideo; license=CC BY-NC-SA; DOI 10.25666/DATAUBFC-2024-04-09; fall frames 157-179 from Annotation_files; timestamps=frame/ffprobe_fps (fps=25; dataset README 25 fps); person_bbox = official xmin,ymin,xmax,ymax at fall-start frame"
videos/livingroom/fall/livingroom_fall_115_20260827.mp4,livingroom,fall,fall,unknown,unknown,unknown,unknown,unknown,unknown,320x240,25,12.920,8.680,9.760,annotations/action_events/livingroom_fall_115_20260827.json,,"source=Le2i Coffee_room_02/video (55).avi; source scene=Coffee room, mapped to livingroom; actors=simulated (not elderly); demographics unknown in official files; original_resolution=320x240 (below 1280x720 spec; not upsampled); transcoded to H.264 CRF23, original codec=rawvideo; license=CC BY-NC-SA; DOI 10.25666/DATAUBFC-2024-04-09; fall frames 217-244 from Annotation_files; timestamps=frame/ffprobe_fps (fps=25; dataset README 25 fps); person_bbox = official xmin,ymin,xmax,ymax at fall-start frame"
videos/livingroom/fall/livingroom_fall_116_20260827.mp4,livingroom,fall,fall,unknown,unknown,unknown,unknown,unknown,unknown,320x240,25,17.240,12.040,13.120,annotations/action_events/livingroom_fall_116_20260827.json,,"source=Le2i Coffee_room_02/video (56).avi; source scene=Coffee room, mapped to livingroom; actors=simulated (not elderly); demographics unknown in official files; original_resolution=320x240 (below 1280x720 spec; not upsampled); transcoded to H.264 CRF23, original codec=rawvideo; license=CC BY-NC-SA; DOI 10.25666/DATAUBFC-2024-04-09; fall frames 301-328 from Annotation_files; timestamps=frame/ffprobe_fps (fps=25; dataset README 25 fps); person_bbox = official xmin,ymin,xmax,ymax at fall-start frame"
videos/livingroom/fall/livingroom_fall_117_20260827.mp4,livingroom,fall,fall,unknown,unknown,unknown,unknown,unknown,unknown,320x240,25,22.520,17.880,19.680,annotations/action_events/livingroom_fall_117_20260827.json,,"source=Le2i Coffee_room_02/video (57).avi; source scene=Coffee room, mapped to livingroom; actors=simulated (not elderly); demographics unknown in official files; original_resolution=320x240 (below 1280x720 spec; not upsampled); transcoded to H.264 CRF23, original codec=rawvideo; license=CC BY-NC-SA; DOI 10.25666/DATAUBFC-2024-04-09; fall frames 447-492 from Annotation_files; timestamps=frame/ffprobe_fps (fps=25; dataset README 25 fps); person_bbox = official xmin,ymin,xmax,ymax at fall-start frame"
videos/livingroom/fall/livingroom_fall_118_20260827.mp4,livingroom,fall,fall,unknown,unknown,unknown,unknown,unknown,unknown,320x240,25,12.440,7.080,8.440,annotations/action_events/livingroom_fall_118_20260827.json,,"source=Le2i Coffee_room_02/video (58).avi; source scene=Coffee room, mapped to livingroom; actors=simulated (not elderly); demographics unknown in official files; original_resolution=320x240 (below 1280x720 spec; not upsampled); transcoded to H.264 CRF23, original codec=rawvideo; license=CC BY-NC-SA; DOI 10.25666/DATAUBFC-2024-04-09; fall frames 177-211 from Annotation_files; timestamps=frame/ffprobe_fps (fps=25; dataset README 25 fps); person_bbox = official xmin,ymin,xmax,ymax at fall-start frame"
videos/livingroom/fall/livingroom_fall_119_20260827.mp4,livingroom,fall,fall,unknown,unknown,unknown,unknown,unknown,unknown,320x240,25,10.040,5.360,6.280,annotations/action_events/livingroom_fall_119_20260827.json,,"source=Le2i Coffee_room_02/video (59).avi; source scene=Coffee room, mapped to livingroom; actors=simulated (not elderly); demographics unknown in official files; original_resolution=320x240 (below 1280x720 spec; not upsampled); transcoded to H.264 CRF23, original codec=rawvideo; license=CC BY-NC-SA; DOI 10.25666/DATAUBFC-2024-04-09; fall frames 134-157 from Annotation_files; timestamps=frame/ffprobe_fps (fps=25; dataset README 25 fps); person_bbox = official xmin,ymin,xmax,ymax at fall-start frame"
videos/livingroom/fall/livingroom_fall_120_20260827.mp4,livingroom,fall,fall,unknown,unknown,unknown,unknown,unknown,unknown,320x240,25,11.000,5.160,6.280,annotations/action_events/livingroom_fall_120_20260827.json,,"source=Le2i Coffee_room_02/video (60).avi; source scene=Coffee room, mapped to livingroom; actors=simulated (not elderly); demographics unknown in official files; original_resolution=320x240 (below 1280x720 spec; not upsampled); transcoded to H.264 CRF23, original codec=rawvideo; license=CC BY-NC-SA; DOI 10.25666/DATAUBFC-2024-04-09; fall frames 129-157 from Annotation_files; timestamps=frame/ffprobe_fps (fps=25; dataset README 25 fps); person_bbox = official xmin,ymin,xmax,ymax at fall-start frame"
videos/livingroom/fall/livingroom_fall_121_20260827.mp4,livingroom,fall,fall,unknown,unknown,unknown,unknown,unknown,unknown,320x240,25,11.280,7.000,7.760,annotations/action_events/livingroom_fall_121_20260827.json,,"source=Le2i Coffee_room_02/video (62).avi; source scene=Coffee room, mapped to livingroom; actors=simulated (not elderly); demographics unknown in official files; original_resolution=320x240 (below 1280x720 spec; not upsampled); transcoded to H.264 CRF23, original codec=rawvideo; license=CC BY-NC-SA; DOI 10.25666/DATAUBFC-2024-04-09; fall frames 175-194 from Annotation_files; timestamps=frame/ffprobe_fps (fps=25; dataset README 25 fps); person_bbox = official xmin,ymin,xmax,ymax at fall-start frame"
videos/livingroom/fall/livingroom_fall_122_20260827.mp4,livingroom,fall,fall,unknown,unknown,unknown,unknown,unknown,unknown,320x240,25,8.480,5.480,6.480,annotations/action_events/livingroom_fall_122_20260827.json,,"source=Le2i Coffee_room_02/video (64).avi; source scene=Coffee room, mapped to livingroom; actors=simulated (not elderly); demographics unknown in official files; original_resolution=320x240 (below 1280x720 spec; not upsampled); transcoded to H.264 CRF23, original codec=rawvideo; license=CC BY-NC-SA; DOI 10.25666/DATAUBFC-2024-04-09; fall frames 137-162 from Annotation_files; timestamps=frame/ffprobe_fps (fps=25; dataset README 25 fps); person_bbox = official xmin,ymin,xmax,ymax at fall-start frame"
videos/livingroom/fall/livingroom_fall_123_20260827.mp4,livingroom,fall,fall,unknown,unknown,unknown,unknown,unknown,unknown,320x240,24,11.000,6.000,6.833,annotations/action_events/livingroom_fall_123_20260827.json,,"source=Le2i Home_01/video (1).avi; source scene=Home, mapped to livingroom (not relabeled bedroom/bathroom); actors=simulated (not elderly); demographics unknown in official files; original_resolution=320x240 (below 1280x720 spec; not upsampled); transcoded to H.264 CRF23, original codec=rawvideo; license=CC BY-NC-SA; DOI 10.25666/DATAUBFC-2024-04-09; fall frames 144-164 from Annotation_files; timestamps=frame/ffprobe_fps (fps=24; dataset README 25 fps); person_bbox = official xmin,ymin,xmax,ymax at fall-start frame"
videos/livingroom/fall/livingroom_fall_124_20260827.mp4,livingroom,fall,fall,unknown,unknown,unknown,unknown,unknown,unknown,320x240,24,13.000,5.625,6.250,annotations/action_events/livingroom_fall_124_20260827.json,,"source=Le2i Home_01/video (10).avi; source scene=Home, mapped to livingroom (not relabeled bedroom/bathroom); actors=simulated (not elderly); demographics unknown in official files; original_resolution=320x240 (below 1280x720 spec; not upsampled); transcoded to H.264 CRF23, original codec=rawvideo; license=CC BY-NC-SA; DOI 10.25666/DATAUBFC-2024-04-09; fall frames 135-150 from Annotation_files; timestamps=frame/ffprobe_fps (fps=24; dataset README 25 fps); person_bbox = official xmin,ymin,xmax,ymax at fall-start frame"
videos/livingroom/fall/livingroom_fall_125_20260827.mp4,livingroom,fall,fall,unknown,unknown,unknown,unknown,unknown,unknown,320x240,24,13.000,5.708,7.083,annotations/action_events/livingroom_fall_125_20260827.json,,"source=Le2i Home_01/video (11).avi; source scene=Home, mapped to livingroom (not relabeled bedroom/bathroom); actors=simulated (not elderly); demographics unknown in official files; original_resolution=320x240 (below 1280x720 spec; not upsampled); transcoded to H.264 CRF23, original codec=rawvideo; license=CC BY-NC-SA; DOI 10.25666/DATAUBFC-2024-04-09; fall frames 137-170 from Annotation_files; timestamps=frame/ffprobe_fps (fps=24; dataset README 25 fps); person_bbox = official xmin,ymin,xmax,ymax at fall-start frame"
videos/livingroom/fall/livingroom_fall_126_20260827.mp4,livingroom,fall,fall,unknown,unknown,unknown,unknown,unknown,unknown,320x180,24,9.000,6.708,7.208,annotations/action_events/livingroom_fall_126_20260827.json,,"source=Le2i Home_01/video (12).avi; source scene=Home, mapped to livingroom (not relabeled bedroom/bathroom); actors=simulated (not elderly); demographics unknown in official files; original_resolution=320x180 (below 1280x720 spec; not upsampled); transcoded to H.264 CRF23, original codec=rawvideo; license=CC BY-NC-SA; DOI 10.25666/DATAUBFC-2024-04-09; fall frames 161-173 from Annotation_files; timestamps=frame/ffprobe_fps (fps=24; dataset README 25 fps); person_bbox = official xmin,ymin,xmax,ymax at fall-start frame"
videos/livingroom/fall/livingroom_fall_127_20260827.mp4,livingroom,fall,fall,unknown,unknown,unknown,unknown,unknown,unknown,320x180,24,10.000,6.500,6.958,annotations/action_events/livingroom_fall_127_20260827.json,,"source=Le2i Home_01/video (13).avi; source scene=Home, mapped to livingroom (not relabeled bedroom/bathroom); actors=simulated (not elderly); demographics unknown in official files; original_resolution=320x180 (below 1280x720 spec; not upsampled); transcoded to H.264 CRF23, original codec=rawvideo; license=CC BY-NC-SA; DOI 10.25666/DATAUBFC-2024-04-09; fall frames 156-167 from Annotation_files; timestamps=frame/ffprobe_fps (fps=24; dataset README 25 fps); person_bbox = official xmin,ymin,xmax,ymax at fall-start frame"
videos/livingroom/fall/livingroom_fall_128_20260827.mp4,livingroom,fall,fall,unknown,unknown,unknown,unknown,unknown,unknown,320x180,24,12.000,7.750,8.292,annotations/action_events/livingroom_fall_128_20260827.json,,"source=Le2i Home_01/video (14).avi; source scene=Home, mapped to livingroom (not relabeled bedroom/bathroom); actors=simulated (not elderly); demographics unknown in official files; original_resolution=320x180 (below 1280x720 spec; not upsampled); transcoded to H.264 CRF23, original codec=rawvideo; license=CC BY-NC-SA; DOI 10.25666/DATAUBFC-2024-04-09; fall frames 186-199 from Annotation_files; timestamps=frame/ffprobe_fps (fps=24; dataset README 25 fps); person_bbox = official xmin,ymin,xmax,ymax at fall-start frame"
videos/livingroom/fall/livingroom_fall_129_20260827.mp4,livingroom,fall,fall,unknown,unknown,unknown,unknown,unknown,unknown,320x180,24,9.917,7.083,7.667,annotations/action_events/livingroom_fall_129_20260827.json,,"source=Le2i Home_01/video (15).avi; source scene=Home, mapped to livingroom (not relabeled bedroom/bathroom); actors=simulated (not elderly); demographics unknown in official files; original_resolution=320x180 (below 1280x720 spec; not upsampled); transcoded to H.264 CRF23, original codec=rawvideo; license=CC BY-NC-SA; DOI 10.25666/DATAUBFC-2024-04-09; fall frames 170-184 from Annotation_files; timestamps=frame/ffprobe_fps (fps=24; dataset README 25 fps); person_bbox = official xmin,ymin,xmax,ymax at fall-start frame"
videos/livingroom/fall/livingroom_fall_130_20260827.mp4,livingroom,fall,fall,unknown,unknown,unknown,unknown,unknown,unknown,320x180,24,11.000,7.750,8.292,annotations/action_events/livingroom_fall_130_20260827.json,,"source=Le2i Home_01/video (16).avi; source scene=Home, mapped to livingroom (not relabeled bedroom/bathroom); actors=simulated (not elderly); demographics unknown in official files; original_resolution=320x180 (below 1280x720 spec; not upsampled); transcoded to H.264 CRF23, original codec=rawvideo; license=CC BY-NC-SA; DOI 10.25666/DATAUBFC-2024-04-09; fall frames 186-199 from Annotation_files; timestamps=frame/ffprobe_fps (fps=24; dataset README 25 fps); person_bbox = official xmin,ymin,xmax,ymax at fall-start frame"
videos/livingroom/fall/livingroom_fall_131_20260827.mp4,livingroom,fall,fall,unknown,unknown,unknown,unknown,unknown,unknown,320x180,24,10.000,6.417,7.042,annotations/action_events/livingroom_fall_131_20260827.json,,"source=Le2i Home_01/video (17).avi; source scene=Home, mapped to livingroom (not relabeled bedroom/bathroom); actors=simulated (not elderly); demographics unknown in official files; original_resolution=320x180 (below 1280x720 spec; not upsampled); transcoded to H.264 CRF23, original codec=rawvideo; license=CC BY-NC-SA; DOI 10.25666/DATAUBFC-2024-04-09; fall frames 154-169 from Annotation_files; timestamps=frame/ffprobe_fps (fps=24; dataset README 25 fps); person_bbox = official xmin,ymin,xmax,ymax at fall-start frame"
videos/livingroom/fall/livingroom_fall_132_20260827.mp4,livingroom,fall,fall,unknown,unknown,unknown,unknown,unknown,unknown,320x180,24,9.000,5.625,6.208,annotations/action_events/livingroom_fall_132_20260827.json,,"source=Le2i Home_01/video (18).avi; source scene=Home, mapped to livingroom (not relabeled bedroom/bathroom); actors=simulated (not elderly); demographics unknown in official files; original_resolution=320x180 (below 1280x720 spec; not upsampled); transcoded to H.264 CRF23, original codec=rawvideo; license=CC BY-NC-SA; DOI 10.25666/DATAUBFC-2024-04-09; fall frames 135-149 from Annotation_files; timestamps=frame/ffprobe_fps (fps=24; dataset README 25 fps); person_bbox = official xmin,ymin,xmax,ymax at fall-start frame"
videos/livingroom/fall/livingroom_fall_133_20260827.mp4,livingroom,fall,fall,unknown,unknown,unknown,unknown,unknown,unknown,320x180,24,8.000,5.375,5.792,annotations/action_events/livingroom_fall_133_20260827.json,,"source=Le2i Home_01/video (19).avi; source scene=Home, mapped to livingroom (not relabeled bedroom/bathroom); actors=simulated (not elderly); demographics unknown in official files; original_resolution=320x180 (below 1280x720 spec; not upsampled); transcoded to H.264 CRF23, original codec=rawvideo; license=CC BY-NC-SA; DOI 10.25666/DATAUBFC-2024-04-09; fall frames 129-139 from Annotation_files; timestamps=frame/ffprobe_fps (fps=24; dataset README 25 fps); person_bbox = official xmin,ymin,xmax,ymax at fall-start frame"
videos/livingroom/fall/livingroom_fall_134_20260827.mp4,livingroom,fall,fall,unknown,unknown,unknown,unknown,unknown,unknown,320x240,24,10.000,5.000,5.708,annotations/action_events/livingroom_fall_134_20260827.json,,"source=Le2i Home_01/video (2).avi; source scene=Home, mapped to livingroom (not relabeled bedroom/bathroom); actors=simulated (not elderly); demographics unknown in official files; original_resolution=320x240 (below 1280x720 spec; not upsampled); transcoded to H.264 CRF23, original codec=rawvideo; license=CC BY-NC-SA; DOI 10.25666/DATAUBFC-2024-04-09; fall frames 120-137 from Annotation_files; timestamps=frame/ffprobe_fps (fps=24; dataset README 25 fps); person_bbox = official xmin,ymin,xmax,ymax at fall-start frame"
videos/livingroom/fall/livingroom_fall_135_20260827.mp4,livingroom,fall,fall,unknown,unknown,unknown,unknown,unknown,unknown,320x180,24,9.000,6.125,6.583,annotations/action_events/livingroom_fall_135_20260827.json,,"source=Le2i Home_01/video (20).avi; source scene=Home, mapped to livingroom (not relabeled bedroom/bathroom); actors=simulated (not elderly); demographics unknown in official files; original_resolution=320x180 (below 1280x720 spec; not upsampled); transcoded to H.264 CRF23, original codec=rawvideo; license=CC BY-NC-SA; DOI 10.25666/DATAUBFC-2024-04-09; fall frames 147-158 from Annotation_files; timestamps=frame/ffprobe_fps (fps=24; dataset README 25 fps); person_bbox = official xmin,ymin,xmax,ymax at fall-start frame"
videos/livingroom/fall/livingroom_fall_136_20260827.mp4,livingroom,fall,fall,unknown,unknown,unknown,unknown,unknown,unknown,320x180,24,9.000,6.167,6.500,annotations/action_events/livingroom_fall_136_20260827.json,,"source=Le2i Home_01/video (21).avi; source scene=Home, mapped to livingroom (not relabeled bedroom/bathroom); actors=simulated (not elderly); demographics unknown in official files; original_resolution=320x180 (below 1280x720 spec; not upsampled); transcoded to H.264 CRF23, original codec=rawvideo; license=CC BY-NC-SA; DOI 10.25666/DATAUBFC-2024-04-09; fall frames 148-156 from Annotation_files; timestamps=frame/ffprobe_fps (fps=24; dataset README 25 fps); person_bbox = official xmin,ymin,xmax,ymax at fall-start frame"
videos/livingroom/fall/livingroom_fall_137_20260827.mp4,livingroom,fall,fall,unknown,unknown,unknown,unknown,unknown,unknown,320x180,24,10.000,6.292,6.667,annotations/action_events/livingroom_fall_137_20260827.json,,"source=Le2i Home_01/video (22).avi; source scene=Home, mapped to livingroom (not relabeled bedroom/bathroom); actors=simulated (not elderly); demographics unknown in official files; original_resolution=320x180 (below 1280x720 spec; not upsampled); transcoded to H.264 CRF23, original codec=rawvideo; license=CC BY-NC-SA; DOI 10.25666/DATAUBFC-2024-04-09; fall frames 151-160 from Annotation_files; timestamps=frame/ffprobe_fps (fps=24; dataset README 25 fps); person_bbox = official xmin,ymin,xmax,ymax at fall-start frame"
videos/livingroom/fall/livingroom_fall_138_20260827.mp4,livingroom,fall,fall,unknown,unknown,unknown,unknown,unknown,unknown,320x180,24,10.000,6.875,7.208,annotations/action_events/livingroom_fall_138_20260827.json,,"source=Le2i Home_01/video (23).avi; source scene=Home, mapped to livingroom (not relabeled bedroom/bathroom); actors=simulated (not elderly); demographics unknown in official files; original_resolution=320x180 (below 1280x720 spec; not upsampled); transcoded to H.264 CRF23, original codec=rawvideo; license=CC BY-NC-SA; DOI 10.25666/DATAUBFC-2024-04-09; fall frames 165-173 from Annotation_files; timestamps=frame/ffprobe_fps (fps=24; dataset README 25 fps); person_bbox = official xmin,ymin,xmax,ymax at fall-start frame"
videos/livingroom/fall/livingroom_fall_139_20260827.mp4,livingroom,fall,fall,unknown,unknown,unknown,unknown,unknown,unknown,320x180,24,8.000,5.458,5.917,annotations/action_events/livingroom_fall_139_20260827.json,,"source=Le2i Home_01/video (24).avi; source scene=Home, mapped to livingroom (not relabeled bedroom/bathroom); actors=simulated (not elderly); demographics unknown in official files; original_resolution=320x180 (below 1280x720 spec; not upsampled); transcoded to H.264 CRF23, original codec=rawvideo; license=CC BY-NC-SA; DOI 10.25666/DATAUBFC-2024-04-09; fall frames 131-142 from Annotation_files; timestamps=frame/ffprobe_fps (fps=24; dataset README 25 fps); person_bbox = official xmin,ymin,xmax,ymax at fall-start frame"
videos/livingroom/fall/livingroom_fall_140_20260827.mp4,livingroom,fall,fall,unknown,unknown,unknown,unknown,unknown,unknown,320x180,24,8.875,7.208,7.583,annotations/action_events/livingroom_fall_140_20260827.json,,"source=Le2i Home_01/video (25).avi; source scene=Home, mapped to livingroom (not relabeled bedroom/bathroom); actors=simulated (not elderly); demographics unknown in official files; original_resolution=320x180 (below 1280x720 spec; not upsampled); transcoded to H.264 CRF23, original codec=rawvideo; license=CC BY-NC-SA; DOI 10.25666/DATAUBFC-2024-04-09; fall frames 173-182 from Annotation_files; timestamps=frame/ffprobe_fps (fps=24; dataset README 25 fps); person_bbox = official xmin,ymin,xmax,ymax at fall-start frame"
videos/livingroom/fall/livingroom_fall_141_20260827.mp4,livingroom,fall,fall,unknown,unknown,unknown,unknown,unknown,unknown,320x180,24,9.000,5.417,5.875,annotations/action_events/livingroom_fall_141_20260827.json,,"source=Le2i Home_01/video (26).avi; source scene=Home, mapped to livingroom (not relabeled bedroom/bathroom); actors=simulated (not elderly); demographics unknown in official files; original_resolution=320x180 (below 1280x720 spec; not upsampled); transcoded to H.264 CRF23, original codec=rawvideo; license=CC BY-NC-SA; DOI 10.25666/DATAUBFC-2024-04-09; fall frames 130-141 from Annotation_files; timestamps=frame/ffprobe_fps (fps=24; dataset README 25 fps); person_bbox = official xmin,ymin,xmax,ymax at fall-start frame"
videos/livingroom/fall/livingroom_fall_142_20260827.mp4,livingroom,fall,fall,unknown,unknown,unknown,unknown,unknown,unknown,320x180,24,10.000,7.000,7.292,annotations/action_events/livingroom_fall_142_20260827.json,,"source=Le2i Home_01/video (27).avi; source scene=Home, mapped to livingroom (not relabeled bedroom/bathroom); actors=simulated (not elderly); demographics unknown in official files; original_resolution=320x180 (below 1280x720 spec; not upsampled); transcoded to H.264 CRF23, original codec=rawvideo; license=CC BY-NC-SA; DOI 10.25666/DATAUBFC-2024-04-09; fall frames 168-175 from Annotation_files; timestamps=frame/ffprobe_fps (fps=24; dataset README 25 fps); person_bbox = official xmin,ymin,xmax,ymax at fall-start frame"
videos/livingroom/fall/livingroom_fall_143_20260827.mp4,livingroom,fall,fall,unknown,unknown,unknown,unknown,unknown,unknown,320x180,24,9.000,7.042,7.500,annotations/action_events/livingroom_fall_143_20260827.json,,"source=Le2i Home_01/video (28).avi; source scene=Home, mapped to livingroom (not relabeled bedroom/bathroom); actors=simulated (not elderly); demographics unknown in official files; original_resolution=320x180 (below 1280x720 spec; not upsampled); transcoded to H.264 CRF23, original codec=rawvideo; license=CC BY-NC-SA; DOI 10.25666/DATAUBFC-2024-04-09; fall frames 169-180 from Annotation_files; timestamps=frame/ffprobe_fps (fps=24; dataset README 25 fps); person_bbox = official xmin,ymin,xmax,ymax at fall-start frame"
videos/livingroom/fall/livingroom_fall_144_20260827.mp4,livingroom,fall,fall,unknown,unknown,unknown,unknown,unknown,unknown,320x180,24,11.291,6.625,7.083,annotations/action_events/livingroom_fall_144_20260827.json,,"source=Le2i Home_01/video (29).avi; source scene=Home, mapped to livingroom (not relabeled bedroom/bathroom); actors=simulated (not elderly); demographics unknown in official files; original_resolution=320x180 (below 1280x720 spec; not upsampled); transcoded to H.264 CRF23, original codec=rawvideo; license=CC BY-NC-SA; DOI 10.25666/DATAUBFC-2024-04-09; fall frames 159-170 from Annotation_files; timestamps=frame/ffprobe_fps (fps=24; dataset README 25 fps); person_bbox = official xmin,ymin,xmax,ymax at fall-start frame"
videos/livingroom/fall/livingroom_fall_145_20260827.mp4,livingroom,fall,fall,unknown,unknown,unknown,unknown,unknown,unknown,320x240,24,10.000,5.083,5.708,annotations/action_events/livingroom_fall_145_20260827.json,,"source=Le2i Home_01/video (3).avi; source scene=Home, mapped to livingroom (not relabeled bedroom/bathroom); actors=simulated (not elderly); demographics unknown in official files; original_resolution=320x240 (below 1280x720 spec; not upsampled); transcoded to H.264 CRF23, original codec=rawvideo; license=CC BY-NC-SA; DOI 10.25666/DATAUBFC-2024-04-09; fall frames 122-137 from Annotation_files; timestamps=frame/ffprobe_fps (fps=24; dataset README 25 fps); person_bbox = official xmin,ymin,xmax,ymax at fall-start frame"
videos/livingroom/fall/livingroom_fall_146_20260827.mp4,livingroom,fall,fall,unknown,unknown,unknown,unknown,unknown,unknown,320x180,24,8.000,5.125,5.750,annotations/action_events/livingroom_fall_146_20260827.json,,"source=Le2i Home_01/video (30).avi; source scene=Home, mapped to livingroom (not relabeled bedroom/bathroom); actors=simulated (not elderly); demographics unknown in official files; original_resolution=320x180 (below 1280x720 spec; not upsampled); transcoded to H.264 CRF23, original codec=rawvideo; license=CC BY-NC-SA; DOI 10.25666/DATAUBFC-2024-04-09; fall frames 123-138 from Annotation_files; timestamps=frame/ffprobe_fps (fps=24; dataset README 25 fps); person_bbox = official xmin,ymin,xmax,ymax at fall-start frame"
videos/livingroom/fall/livingroom_fall_147_20260827.mp4,livingroom,fall,fall,unknown,unknown,unknown,unknown,unknown,unknown,320x240,24,10.000,6.208,6.833,annotations/action_events/livingroom_fall_147_20260827.json,,"source=Le2i Home_01/video (4).avi; source scene=Home, mapped to livingroom (not relabeled bedroom/bathroom); actors=simulated (not elderly); demographics unknown in official files; original_resolution=320x240 (below 1280x720 spec; not upsampled); transcoded to H.264 CRF23, original codec=rawvideo; license=CC BY-NC-SA; DOI 10.25666/DATAUBFC-2024-04-09; fall frames 149-164 from Annotation_files; timestamps=frame/ffprobe_fps (fps=24; dataset README 25 fps); person_bbox = official xmin,ymin,xmax,ymax at fall-start frame"
videos/livingroom/fall/livingroom_fall_148_20260827.mp4,livingroom,fall,fall,unknown,unknown,unknown,unknown,unknown,unknown,320x240,24,8.000,4.542,5.208,annotations/action_events/livingroom_fall_148_20260827.json,,"source=Le2i Home_01/video (5).avi; source scene=Home, mapped to livingroom (not relabeled bedroom/bathroom); actors=simulated (not elderly); demographics unknown in official files; original_resolution=320x240 (below 1280x720 spec; not upsampled); transcoded to H.264 CRF23, original codec=rawvideo; license=CC BY-NC-SA; DOI 10.25666/DATAUBFC-2024-04-09; fall frames 109-125 from Annotation_files; timestamps=frame/ffprobe_fps (fps=24; dataset README 25 fps); person_bbox = official xmin,ymin,xmax,ymax at fall-start frame"
videos/livingroom/fall/livingroom_fall_149_20260827.mp4,livingroom,fall,fall,unknown,unknown,unknown,unknown,unknown,unknown,320x240,24,8.000,4.833,5.833,annotations/action_events/livingroom_fall_149_20260827.json,,"source=Le2i Home_01/video (6).avi; source scene=Home, mapped to livingroom (not relabeled bedroom/bathroom); actors=simulated (not elderly); demographics unknown in official files; original_resolution=320x240 (below 1280x720 spec; not upsampled); transcoded to H.264 CRF23, original codec=rawvideo; license=CC BY-NC-SA; DOI 10.25666/DATAUBFC-2024-04-09; fall frames 116-140 from Annotation_files; timestamps=frame/ffprobe_fps (fps=24; dataset README 25 fps); person_bbox = official xmin,ymin,xmax,ymax at fall-start frame"
videos/livingroom/fall/livingroom_fall_150_20260827.mp4,livingroom,fall,fall,unknown,unknown,unknown,unknown,unknown,unknown,320x240,24,9.000,5.792,6.417,annotations/action_events/livingroom_fall_150_20260827.json,,"source=Le2i Home_01/video (7).avi; source scene=Home, mapped to livingroom (not relabeled bedroom/bathroom); actors=simulated (not elderly); demographics unknown in official files; original_resolution=320x240 (below 1280x720 spec; not upsampled); transcoded to H.264 CRF23, original codec=rawvideo; license=CC BY-NC-SA; DOI 10.25666/DATAUBFC-2024-04-09; fall frames 139-154 from Annotation_files; timestamps=frame/ffprobe_fps (fps=24; dataset README 25 fps); person_bbox = official xmin,ymin,xmax,ymax at fall-start frame"
videos/livingroom/fall/livingroom_fall_151_20260827.mp4,livingroom,fall,fall,unknown,unknown,unknown,unknown,unknown,unknown,320x240,24,11.875,5.208,5.792,annotations/action_events/livingroom_fall_151_20260827.json,,"source=Le2i Home_01/video (8).avi; source scene=Home, mapped to livingroom (not relabeled bedroom/bathroom); actors=simulated (not elderly); demographics unknown in official files; original_resolution=320x240 (below 1280x720 spec; not upsampled); transcoded to H.264 CRF23, original codec=rawvideo; license=CC BY-NC-SA; DOI 10.25666/DATAUBFC-2024-04-09; fall frames 125-139 from Annotation_files; timestamps=frame/ffprobe_fps (fps=24; dataset README 25 fps); person_bbox = official xmin,ymin,xmax,ymax at fall-start frame"
videos/livingroom/fall/livingroom_fall_152_20260827.mp4,livingroom,fall,fall,unknown,unknown,unknown,unknown,unknown,unknown,320x240,24,14.000,6.208,6.792,annotations/action_events/livingroom_fall_152_20260827.json,,"source=Le2i Home_01/video (9).avi; source scene=Home, mapped to livingroom (not relabeled bedroom/bathroom); actors=simulated (not elderly); demographics unknown in official files; original_resolution=320x240 (below 1280x720 spec; not upsampled); transcoded to H.264 CRF23, original codec=rawvideo; license=CC BY-NC-SA; DOI 10.25666/DATAUBFC-2024-04-09; fall frames 149-163 from Annotation_files; timestamps=frame/ffprobe_fps (fps=24; dataset README 25 fps); person_bbox = official xmin,ymin,xmax,ymax at fall-start frame"
videos/livingroom/fall/livingroom_fall_153_20260827.mp4,livingroom,fall,fall,unknown,unknown,unknown,unknown,unknown,unknown,320x180,24,13.000,8.333,9.000,annotations/action_events/livingroom_fall_153_20260827.json,,"source=Le2i Home_02/video (31).avi; source scene=Home, mapped to livingroom (not relabeled bedroom/bathroom); actors=simulated (not elderly); demographics unknown in official files; original_resolution=320x180 (below 1280x720 spec; not upsampled); transcoded to H.264 CRF23, original codec=rawvideo; license=CC BY-NC-SA; DOI 10.25666/DATAUBFC-2024-04-09; fall frames 200-216 from Annotation_files; timestamps=frame/ffprobe_fps (fps=24; dataset README 25 fps); person_bbox = official xmin,ymin,xmax,ymax at fall-start frame"
videos/livingroom/fall/livingroom_fall_154_20260827.mp4,livingroom,fall,fall,unknown,unknown,unknown,unknown,unknown,unknown,320x180,24,8.000,3.625,4.125,annotations/action_events/livingroom_fall_154_20260827.json,,"source=Le2i Home_02/video (32).avi; source scene=Home, mapped to livingroom (not relabeled bedroom/bathroom); actors=simulated (not elderly); demographics unknown in official files; original_resolution=320x180 (below 1280x720 spec; not upsampled); transcoded to H.264 CRF23, original codec=rawvideo; license=CC BY-NC-SA; DOI 10.25666/DATAUBFC-2024-04-09; fall frames 87-99 from Annotation_files; timestamps=frame/ffprobe_fps (fps=24; dataset README 25 fps); person_bbox = official xmin,ymin,xmax,ymax at fall-start frame"
videos/livingroom/fall/livingroom_fall_155_20260827.mp4,livingroom,fall,fall,unknown,unknown,unknown,unknown,unknown,unknown,320x180,24,8.000,5.292,5.833,annotations/action_events/livingroom_fall_155_20260827.json,,"source=Le2i Home_02/video (33).avi; source scene=Home, mapped to livingroom (not relabeled bedroom/bathroom); actors=simulated (not elderly); demographics unknown in official files; original_resolution=320x180 (below 1280x720 spec; not upsampled); transcoded to H.264 CRF23, original codec=rawvideo; license=CC BY-NC-SA; DOI 10.25666/DATAUBFC-2024-04-09; fall frames 127-140 from Annotation_files; timestamps=frame/ffprobe_fps (fps=24; dataset README 25 fps); person_bbox = official xmin,ymin,xmax,ymax at fall-start frame"
videos/livingroom/fall/livingroom_fall_156_20260827.mp4,livingroom,fall,fall,unknown,unknown,unknown,unknown,unknown,unknown,320x180,24,10.000,6.542,7.083,annotations/action_events/livingroom_fall_156_20260827.json,,"source=Le2i Home_02/video (34).avi; source scene=Home, mapped to livingroom (not relabeled bedroom/bathroom); actors=simulated (not elderly); demographics unknown in official files; original_resolution=320x180 (below 1280x720 spec; not upsampled); transcoded to H.264 CRF23, original codec=rawvideo; license=CC BY-NC-SA; DOI 10.25666/DATAUBFC-2024-04-09; fall frames 157-170 from Annotation_files; timestamps=frame/ffprobe_fps (fps=24; dataset README 25 fps); person_bbox = official xmin,ymin,xmax,ymax at fall-start frame"
videos/livingroom/fall/livingroom_fall_157_20260827.mp4,livingroom,fall,fall,unknown,unknown,unknown,unknown,unknown,unknown,320x180,24,9.000,5.667,6.208,annotations/action_events/livingroom_fall_157_20260827.json,,"source=Le2i Home_02/video (35).avi; source scene=Home, mapped to livingroom (not relabeled bedroom/bathroom); actors=simulated (not elderly); demographics unknown in official files; original_resolution=320x180 (below 1280x720 spec; not upsampled); transcoded to H.264 CRF23, original codec=rawvideo; license=CC BY-NC-SA; DOI 10.25666/DATAUBFC-2024-04-09; fall frames 136-149 from Annotation_files; timestamps=frame/ffprobe_fps (fps=24; dataset README 25 fps); person_bbox = official xmin,ymin,xmax,ymax at fall-start frame"
videos/livingroom/fall/livingroom_fall_158_20260827.mp4,livingroom,fall,fall,unknown,unknown,unknown,unknown,unknown,unknown,320x180,24,8.000,5.167,5.792,annotations/action_events/livingroom_fall_158_20260827.json,,"source=Le2i Home_02/video (36).avi; source scene=Home, mapped to livingroom (not relabeled bedroom/bathroom); actors=simulated (not elderly); demographics unknown in official files; original_resolution=320x180 (below 1280x720 spec; not upsampled); transcoded to H.264 CRF23, original codec=rawvideo; license=CC BY-NC-SA; DOI 10.25666/DATAUBFC-2024-04-09; fall frames 124-139 from Annotation_files; timestamps=frame/ffprobe_fps (fps=24; dataset README 25 fps); person_bbox = official xmin,ymin,xmax,ymax at fall-start frame"
videos/livingroom/fall/livingroom_fall_159_20260827.mp4,livingroom,fall,fall,unknown,unknown,unknown,unknown,unknown,unknown,320x240,24,10.000,5.375,6.000,annotations/action_events/livingroom_fall_159_20260827.json,,"source=Le2i Home_02/video (37).avi; source scene=Home, mapped to livingroom (not relabeled bedroom/bathroom); actors=simulated (not elderly); demographics unknown in official files; original_resolution=320x240 (below 1280x720 spec; not upsampled); transcoded to H.264 CRF23, original codec=rawvideo; license=CC BY-NC-SA; DOI 10.25666/DATAUBFC-2024-04-09; fall frames 129-144 from Annotation_files; timestamps=frame/ffprobe_fps (fps=24; dataset README 25 fps); person_bbox = official xmin,ymin,xmax,ymax at fall-start frame"
videos/livingroom/nearfall/livingroom_lie_down_001_20260827.mp4,livingroom,lie_down,nearfall,unknown,unknown,unknown,unknown,side_parallel_floor,unknown,640x240,30,10.000,5.632,6.630,annotations/action_events/livingroom_lie_down_001_20260827.json,meta/sensor/livingroom_lie_down_001_20260827_acc.csv,"source=URFD adl-10-cam0; source_scene=indoor laboratory, mapped to livingroom; official posture label 1 (lying on ground) present; mapped to nearfall/lie_down; timestamps from label 0/1 via *-data.csv time_ms; posture_labels_present=[-1, 0, 1]; actors=simulated (not elderly); demographics unknown in official files; original_resolution=640x240 (below 1280x720 spec; not upsampled); license=CC BY-NC-SA 4.0 academic non-commercial"
videos/livingroom/nearfall/livingroom_lie_down_002_20260827.mp4,livingroom,lie_down,nearfall,unknown,unknown,unknown,unknown,side_parallel_floor,unknown,640x240,30,10.000,5.336,6.646,annotations/action_events/livingroom_lie_down_002_20260827.json,meta/sensor/livingroom_lie_down_002_20260827_acc.csv,"source=URFD adl-11-cam0; source_scene=indoor laboratory, mapped to livingroom; official posture label 1 (lying on ground) present; mapped to nearfall/lie_down; timestamps from label 0/1 via *-data.csv time_ms; posture_labels_present=[-1, 0, 1]; actors=simulated (not elderly); demographics unknown in official files; original_resolution=640x240 (below 1280x720 spec; not upsampled); license=CC BY-NC-SA 4.0 academic non-commercial"
videos/livingroom/nearfall/livingroom_lie_down_003_20260827.mp4,livingroom,lie_down,nearfall,unknown,unknown,unknown,unknown,side_parallel_floor,unknown,640x240,30,9.333,5.367,7.297,annotations/action_events/livingroom_lie_down_003_20260827.json,meta/sensor/livingroom_lie_down_003_20260827_acc.csv,"source=URFD adl-21-cam0; source_scene=indoor laboratory, mapped to livingroom; official posture label 1 (lying on ground) present; mapped to nearfall/lie_down; timestamps from label 0/1 via *-data.csv time_ms; posture_labels_present=[-1, 0, 1]; actors=simulated (not elderly); demographics unknown in official files; original_resolution=640x240 (below 1280x720 spec; not upsampled); license=CC BY-NC-SA 4.0 academic non-commercial"
videos/livingroom/nearfall/livingroom_lie_down_004_20260827.mp4,livingroom,lie_down,nearfall,unknown,unknown,unknown,unknown,side_parallel_floor,unknown,640x240,30,8.000,5.010,5.611,annotations/action_events/livingroom_lie_down_004_20260827.json,meta/sensor/livingroom_lie_down_004_20260827_acc.csv,"source=URFD adl-22-cam0; source_scene=indoor laboratory, mapped to livingroom; official posture label 1 (lying on ground) present; mapped to nearfall/lie_down; timestamps from label 0/1 via *-data.csv time_ms; posture_labels_present=[-1, 0, 1]; actors=simulated (not elderly); demographics unknown in official files; original_resolution=640x240 (below 1280x720 spec; not upsampled); license=CC BY-NC-SA 4.0 academic non-commercial"
videos/livingroom/nearfall/livingroom_lie_down_005_20260827.mp4,livingroom,lie_down,nearfall,unknown,unknown,unknown,unknown,side_parallel_floor,unknown,640x240,30,7.333,4.070,4.800,annotations/action_events/livingroom_lie_down_005_20260827.json,meta/sensor/livingroom_lie_down_005_20260827_acc.csv,"source=URFD adl-23-cam0; source_scene=indoor laboratory, mapped to livingroom; official posture label 1 (lying on ground) present; mapped to nearfall/lie_down; timestamps from label 0/1 via *-data.csv time_ms; posture_labels_present=[-1, 0, 1]; actors=simulated (not elderly); demographics unknown in official files; original_resolution=640x240 (below 1280x720 spec; not upsampled); license=CC BY-NC-SA 4.0 academic non-commercial"
videos/livingroom/nearfall/livingroom_lie_down_006_20260827.mp4,livingroom,lie_down,nearfall,unknown,unknown,unknown,unknown,side_parallel_floor,unknown,640x240,30,13.333,6.017,7.377,annotations/action_events/livingroom_lie_down_006_20260827.json,meta/sensor/livingroom_lie_down_006_20260827_acc.csv,"source=URFD adl-30-cam0; source_scene=indoor laboratory, mapped to livingroom; official posture label 1 (lying on ground) present; mapped to nearfall/lie_down; timestamps from label 0/1 via *-data.csv time_ms; posture_labels_present=[-1, 0, 1]; actors=simulated (not elderly); demographics unknown in official files; original_resolution=640x240 (below 1280x720 spec; not upsampled); license=CC BY-NC-SA 4.0 academic non-commercial"
videos/livingroom/nearfall/livingroom_lie_down_007_20260827.mp4,livingroom,lie_down,nearfall,unknown,unknown,unknown,unknown,side_parallel_floor,unknown,640x240,30,8.333,3.138,8.296,annotations/action_events/livingroom_lie_down_007_20260827.json,meta/sensor/livingroom_lie_down_007_20260827_acc.csv,"source=URFD adl-31-cam0; source_scene=indoor laboratory, mapped to livingroom; official posture label 1 (lying on ground) present; mapped to nearfall/lie_down; timestamps from label 0/1 via *-data.csv time_ms; posture_labels_present=[-1, 0, 1]; actors=simulated (not elderly); demographics unknown in official files; original_resolution=640x240 (below 1280x720 spec; not upsampled); license=CC BY-NC-SA 4.0 academic non-commercial"
videos/livingroom/nearfall/livingroom_lie_down_008_20260827.mp4,livingroom,lie_down,nearfall,unknown,unknown,unknown,unknown,side_parallel_floor,unknown,640x240,30,6.667,2.469,6.697,annotations/action_events/livingroom_lie_down_008_20260827.json,meta/sensor/livingroom_lie_down_008_20260827_acc.csv,"source=URFD adl-32-cam0; source_scene=indoor laboratory, mapped to livingroom; official posture label 1 (lying on ground) present; mapped to nearfall/lie_down; timestamps from label 0/1 via *-data.csv time_ms; posture_labels_present=[-1, 0, 1]; actors=simulated (not elderly); demographics unknown in official files; original_resolution=640x240 (below 1280x720 spec; not upsampled); license=CC BY-NC-SA 4.0 academic non-commercial"
videos/livingroom/nearfall/livingroom_lie_down_009_20260827.mp4,livingroom,lie_down,nearfall,unknown,unknown,unknown,unknown,side_parallel_floor,unknown,640x240,30,6.667,2.302,6.697,annotations/action_events/livingroom_lie_down_009_20260827.json,meta/sensor/livingroom_lie_down_009_20260827_acc.csv,"source=URFD adl-33-cam0; source_scene=indoor laboratory, mapped to livingroom; official posture label 1 (lying on ground) present; mapped to nearfall/lie_down; timestamps from label 0/1 via *-data.csv time_ms; posture_labels_present=[-1, 0, 1]; actors=simulated (not elderly); demographics unknown in official files; original_resolution=640x240 (below 1280x720 spec; not upsampled); license=CC BY-NC-SA 4.0 academic non-commercial"
videos/livingroom/nearfall/livingroom_lie_down_010_20260827.mp4,livingroom,lie_down,nearfall,unknown,unknown,unknown,unknown,side_parallel_floor,unknown,640x240,30,6.367,2.135,6.391,annotations/action_events/livingroom_lie_down_010_20260827.json,meta/sensor/livingroom_lie_down_010_20260827_acc.csv,"source=URFD adl-34-cam0; source_scene=indoor laboratory, mapped to livingroom; official posture label 1 (lying on ground) present; mapped to nearfall/lie_down; timestamps from label 0/1 via *-data.csv time_ms; posture_labels_present=[-1, 0, 1]; actors=simulated (not elderly); demographics unknown in official files; original_resolution=640x240 (below 1280x720 spec; not upsampled); license=CC BY-NC-SA 4.0 academic non-commercial"
videos/livingroom/nearfall/livingroom_lie_down_011_20260827.mp4,livingroom,lie_down,nearfall,unknown,unknown,unknown,unknown,side_parallel_floor,unknown,640x240,30,9.333,1.301,9.417,annotations/action_events/livingroom_lie_down_011_20260827.json,meta/sensor/livingroom_lie_down_011_20260827_acc.csv,"source=URFD adl-35-cam0; source_scene=indoor laboratory, mapped to livingroom; official posture label 1 (lying on ground) present; mapped to nearfall/lie_down; timestamps from label 0/1 via *-data.csv time_ms; posture_labels_present=[-1, 0, 1]; actors=simulated (not elderly); demographics unknown in official files; original_resolution=640x240 (below 1280x720 spec; not upsampled); license=CC BY-NC-SA 4.0 academic non-commercial"
videos/livingroom/nearfall/livingroom_lie_down_012_20260827.mp4,livingroom,lie_down,nearfall,unknown,unknown,unknown,unknown,side_parallel_floor,unknown,640x240,30,11.333,7.071,7.717,annotations/action_events/livingroom_lie_down_012_20260827.json,meta/sensor/livingroom_lie_down_012_20260827_acc.csv,"source=URFD adl-36-cam0; source_scene=indoor laboratory, mapped to livingroom; official posture label 1 (lying on ground) present; mapped to nearfall/lie_down; timestamps from label 0/1 via *-data.csv time_ms; posture_labels_present=[-1, 0, 1]; actors=simulated (not elderly); demographics unknown in official files; original_resolution=640x240 (below 1280x720 spec; not upsampled); license=CC BY-NC-SA 4.0 academic non-commercial"
videos/livingroom/nearfall/livingroom_lie_down_013_20260827.mp4,livingroom,lie_down,nearfall,unknown,unknown,unknown,unknown,side_parallel_floor,unknown,640x240,30,11.667,7.887,9.077,annotations/action_events/livingroom_lie_down_013_20260827.json,meta/sensor/livingroom_lie_down_013_20260827_acc.csv,"source=URFD adl-37-cam0; source_scene=indoor laboratory, mapped to livingroom; official posture label 1 (lying on ground) present; mapped to nearfall/lie_down; timestamps from label 0/1 via *-data.csv time_ms; posture_labels_present=[-1, 0, 1]; actors=simulated (not elderly); demographics unknown in official files; original_resolution=640x240 (below 1280x720 spec; not upsampled); license=CC BY-NC-SA 4.0 academic non-commercial"
videos/livingroom/nearfall/livingroom_lie_down_014_20260827.mp4,livingroom,lie_down,nearfall,unknown,unknown,unknown,unknown,side_parallel_floor,unknown,640x240,30,11.500,4.487,6.867,annotations/action_events/livingroom_lie_down_014_20260827.json,meta/sensor/livingroom_lie_down_014_20260827_acc.csv,"source=URFD adl-38-cam0; source_scene=indoor laboratory, mapped to livingroom; official posture label 1 (lying on ground) present; mapped to nearfall/lie_down; timestamps from label 0/1 via *-data.csv time_ms; posture_labels_present=[-1, 0, 1]; actors=simulated (not elderly); demographics unknown in official files; original_resolution=640x240 (below 1280x720 spec; not upsampled); license=CC BY-NC-SA 4.0 academic non-commercial"
videos/livingroom/nearfall/livingroom_lie_down_015_20260827.mp4,livingroom,lie_down,nearfall,unknown,unknown,unknown,unknown,side_parallel_floor,unknown,640x240,30,9.000,4.657,6.493,annotations/action_events/livingroom_lie_down_015_20260827.json,meta/sensor/livingroom_lie_down_015_20260827_acc.csv,"source=URFD adl-39-cam0; source_scene=indoor laboratory, mapped to livingroom; official posture label 1 (lying on ground) present; mapped to nearfall/lie_down; timestamps from label 0/1 via *-data.csv time_ms; posture_labels_present=[-1, 0, 1]; actors=simulated (not elderly); demographics unknown in official files; original_resolution=640x240 (below 1280x720 spec; not upsampled); license=CC BY-NC-SA 4.0 academic non-commercial"
videos/livingroom/nearfall/livingroom_lie_down_016_20260827.mp4,livingroom,lie_down,nearfall,unknown,unknown,unknown,unknown,side_parallel_floor,unknown,640x240,30,11.000,7.037,8.737,annotations/action_events/livingroom_lie_down_016_20260827.json,meta/sensor/livingroom_lie_down_016_20260827_acc.csv,"source=URFD adl-40-cam0; source_scene=indoor laboratory, mapped to livingroom; official posture label 1 (lying on ground) present; mapped to nearfall/lie_down; timestamps from label 0/1 via *-data.csv time_ms; posture_labels_present=[-1, 0, 1]; actors=simulated (not elderly); demographics unknown in official files; original_resolution=640x240 (below 1280x720 spec; not upsampled); license=CC BY-NC-SA 4.0 academic non-commercial"
videos/livingroom/normal/livingroom_adl_001_20260827.mp4,livingroom,adl,normal,unknown,unknown,unknown,unknown,side_parallel_floor,unknown,640x240,30,5.000,,,annotations/action_events/livingroom_adl_001_20260827.json,meta/sensor/livingroom_adl_001_20260827_acc.csv,"source=URFD adl-01-cam0; source_scene=indoor laboratory, mapped to livingroom; official files do not name the ADL subtype and no lying label; labeled normal (not invented nearfall); posture_labels_present=[-1]; actors=simulated (not elderly); demographics unknown in official files; original_resolution=640x240 (below 1280x720 spec; not upsampled); license=CC BY-NC-SA 4.0 academic non-commercial"
videos/livingroom/normal/livingroom_adl_002_20260827.mp4,livingroom,adl,normal,unknown,unknown,unknown,unknown,side_parallel_floor,unknown,640x240,30,6.000,,,annotations/action_events/livingroom_adl_002_20260827.json,meta/sensor/livingroom_adl_002_20260827_acc.csv,"source=URFD adl-02-cam0; source_scene=indoor laboratory, mapped to livingroom; official files do not name the ADL subtype and no lying label; labeled normal (not invented nearfall); posture_labels_present=[-1]; actors=simulated (not elderly); demographics unknown in official files; original_resolution=640x240 (below 1280x720 spec; not upsampled); license=CC BY-NC-SA 4.0 academic non-commercial"
videos/livingroom/normal/livingroom_adl_003_20260827.mp4,livingroom,adl,normal,unknown,unknown,unknown,unknown,side_parallel_floor,unknown,640x240,30,6.000,,,annotations/action_events/livingroom_adl_003_20260827.json,meta/sensor/livingroom_adl_003_20260827_acc.csv,"source=URFD adl-03-cam0; source_scene=indoor laboratory, mapped to livingroom; official files do not name the ADL subtype and no lying label; labeled normal (not invented nearfall); posture_labels_present=[-1]; actors=simulated (not elderly); demographics unknown in official files; original_resolution=640x240 (below 1280x720 spec; not upsampled); license=CC BY-NC-SA 4.0 academic non-commercial"
videos/livingroom/normal/livingroom_adl_004_20260827.mp4,livingroom,adl,normal,unknown,unknown,unknown,unknown,side_parallel_floor,unknown,640x240,30,5.000,,,annotations/action_events/livingroom_adl_004_20260827.json,meta/sensor/livingroom_adl_004_20260827_acc.csv,"source=URFD adl-04-cam0; source_scene=indoor laboratory, mapped to livingroom; official files do not name the ADL subtype and no lying label; labeled normal (not invented nearfall); posture_labels_present=[-1]; actors=simulated (not elderly); demographics unknown in official files; original_resolution=640x240 (below 1280x720 spec; not upsampled); license=CC BY-NC-SA 4.0 academic non-commercial"
videos/livingroom/normal/livingroom_adl_005_20260827.mp4,livingroom,adl,normal,unknown,unknown,unknown,unknown,side_parallel_floor,unknown,640x240,30,6.000,,,annotations/action_events/livingroom_adl_005_20260827.json,meta/sensor/livingroom_adl_005_20260827_acc.csv,"source=URFD adl-05-cam0; source_scene=indoor laboratory, mapped to livingroom; official files do not name the ADL subtype and no lying label; labeled normal (not invented nearfall); posture_labels_present=[-1]; actors=simulated (not elderly); demographics unknown in official files; original_resolution=640x240 (below 1280x720 spec; not upsampled); license=CC BY-NC-SA 4.0 academic non-commercial"
videos/livingroom/normal/livingroom_adl_006_20260827.mp4,livingroom,adl,normal,unknown,unknown,unknown,unknown,side_parallel_floor,unknown,640x240,30,7.667,,,annotations/action_events/livingroom_adl_006_20260827.json,meta/sensor/livingroom_adl_006_20260827_acc.csv,"source=URFD adl-06-cam0; source_scene=indoor laboratory, mapped to livingroom; official files do not name the ADL subtype and no lying label; labeled normal (not invented nearfall); posture_labels_present=[-1]; actors=simulated (not elderly); demographics unknown in official files; original_resolution=640x240 (below 1280x720 spec; not upsampled); license=CC BY-NC-SA 4.0 academic non-commercial"
videos/livingroom/normal/livingroom_adl_007_20260827.mp4,livingroom,adl,normal,unknown,unknown,unknown,unknown,side_parallel_floor,unknown,640x240,30,6.000,,,annotations/action_events/livingroom_adl_007_20260827.json,meta/sensor/livingroom_adl_007_20260827_acc.csv,"source=URFD adl-07-cam0; source_scene=indoor laboratory, mapped to livingroom; official files do not name the ADL subtype and no lying label; labeled normal (not invented nearfall); posture_labels_present=[-1]; actors=simulated (not elderly); demographics unknown in official files; original_resolution=640x240 (below 1280x720 spec; not upsampled); license=CC BY-NC-SA 4.0 academic non-commercial"
videos/livingroom/normal/livingroom_adl_008_20260827.mp4,livingroom,adl,normal,unknown,unknown,unknown,unknown,side_parallel_floor,unknown,640x240,30,6.000,,,annotations/action_events/livingroom_adl_008_20260827.json,meta/sensor/livingroom_adl_008_20260827_acc.csv,"source=URFD adl-08-cam0; source_scene=indoor laboratory, mapped to livingroom; official files do not name the ADL subtype and no lying label; labeled normal (not invented nearfall); posture_labels_present=[-1]; actors=simulated (not elderly); demographics unknown in official files; original_resolution=640x240 (below 1280x720 spec; not upsampled); license=CC BY-NC-SA 4.0 academic non-commercial"
videos/livingroom/normal/livingroom_adl_009_20260827.mp4,livingroom,adl,normal,unknown,unknown,unknown,unknown,side_parallel_floor,unknown,640x240,30,5.000,,,annotations/action_events/livingroom_adl_009_20260827.json,meta/sensor/livingroom_adl_009_20260827_acc.csv,"source=URFD adl-09-cam0; source_scene=indoor laboratory, mapped to livingroom; official files do not name the ADL subtype and no lying label; labeled normal (not invented nearfall); posture_labels_present=[-1]; actors=simulated (not elderly); demographics unknown in official files; original_resolution=640x240 (below 1280x720 spec; not upsampled); license=CC BY-NC-SA 4.0 academic non-commercial"
videos/livingroom/normal/livingroom_adl_010_20260827.mp4,livingroom,adl,normal,unknown,unknown,unknown,unknown,side_parallel_floor,unknown,640x240,30,8.333,,,annotations/action_events/livingroom_adl_010_20260827.json,meta/sensor/livingroom_adl_010_20260827_acc.csv,"source=URFD adl-12-cam0; source_scene=indoor laboratory, mapped to livingroom; official files do not name the ADL subtype and no lying label; labeled normal (not invented nearfall); posture_labels_present=[-1]; actors=simulated (not elderly); demographics unknown in official files; original_resolution=640x240 (below 1280x720 spec; not upsampled); license=CC BY-NC-SA 4.0 academic non-commercial"
videos/livingroom/normal/livingroom_adl_011_20260827.mp4,livingroom,adl,normal,unknown,unknown,unknown,unknown,side_parallel_floor,unknown,640x240,30,8.833,,,annotations/action_events/livingroom_adl_011_20260827.json,meta/sensor/livingroom_adl_011_20260827_acc.csv,"source=URFD adl-13-cam0; source_scene=indoor laboratory, mapped to livingroom; official files do not name the ADL subtype and no lying label; labeled normal (not invented nearfall); posture_labels_present=[-1]; actors=simulated (not elderly); demographics unknown in official files; original_resolution=640x240 (below 1280x720 spec; not upsampled); license=CC BY-NC-SA 4.0 academic non-commercial"
videos/livingroom/normal/livingroom_adl_012_20260827.mp4,livingroom,adl,normal,unknown,unknown,unknown,unknown,side_parallel_floor,unknown,640x240,30,7.833,,,annotations/action_events/livingroom_adl_012_20260827.json,meta/sensor/livingroom_adl_012_20260827_acc.csv,"source=URFD adl-14-cam0; source_scene=indoor laboratory, mapped to livingroom; official files do not name the ADL subtype and no lying label; labeled normal (not invented nearfall); posture_labels_present=[-1]; actors=simulated (not elderly); demographics unknown in official files; original_resolution=640x240 (below 1280x720 spec; not upsampled); license=CC BY-NC-SA 4.0 academic non-commercial"
videos/livingroom/normal/livingroom_adl_013_20260827.mp4,livingroom,adl,normal,unknown,unknown,unknown,unknown,side_parallel_floor,unknown,640x240,30,9.167,,,annotations/action_events/livingroom_adl_013_20260827.json,meta/sensor/livingroom_adl_013_20260827_acc.csv,"source=URFD adl-15-cam0; source_scene=indoor laboratory, mapped to livingroom; official files do not name the ADL subtype and no lying label; labeled normal (not invented nearfall); posture_labels_present=[-1]; actors=simulated (not elderly); demographics unknown in official files; original_resolution=640x240 (below 1280x720 spec; not upsampled); license=CC BY-NC-SA 4.0 academic non-commercial"
videos/livingroom/normal/livingroom_adl_014_20260827.mp4,livingroom,adl,normal,unknown,unknown,unknown,unknown,side_parallel_floor,unknown,640x240,30,8.000,,,annotations/action_events/livingroom_adl_014_20260827.json,meta/sensor/livingroom_adl_014_20260827_acc.csv,"source=URFD adl-16-cam0; source_scene=indoor laboratory, mapped to livingroom; official files do not name the ADL subtype and no lying label; labeled normal (not invented nearfall); posture_labels_present=[-1]; actors=simulated (not elderly); demographics unknown in official files; original_resolution=640x240 (below 1280x720 spec; not upsampled); license=CC BY-NC-SA 4.0 academic non-commercial"
videos/livingroom/normal/livingroom_adl_015_20260827.mp4,livingroom,adl,normal,unknown,unknown,unknown,unknown,side_parallel_floor,unknown,640x240,30,7.667,,,annotations/action_events/livingroom_adl_015_20260827.json,meta/sensor/livingroom_adl_015_20260827_acc.csv,"source=URFD adl-17-cam0; source_scene=indoor laboratory, mapped to livingroom; official files do not name the ADL subtype and no lying label; labeled normal (not invented nearfall); posture_labels_present=[-1]; actors=simulated (not elderly); demographics unknown in official files; original_resolution=640x240 (below 1280x720 spec; not upsampled); license=CC BY-NC-SA 4.0 academic non-commercial"
videos/livingroom/normal/livingroom_adl_016_20260827.mp4,livingroom,adl,normal,unknown,unknown,unknown,unknown,side_parallel_floor,unknown,640x240,30,8.833,,,annotations/action_events/livingroom_adl_016_20260827.json,meta/sensor/livingroom_adl_016_20260827_acc.csv,"source=URFD adl-18-cam0; source_scene=indoor laboratory, mapped to livingroom; official files do not name the ADL subtype and no lying label; labeled normal (not invented nearfall); posture_labels_present=[-1]; actors=simulated (not elderly); demographics unknown in official files; original_resolution=640x240 (below 1280x720 spec; not upsampled); license=CC BY-NC-SA 4.0 academic non-commercial"
videos/livingroom/normal/livingroom_adl_017_20260827.mp4,livingroom,adl,normal,unknown,unknown,unknown,unknown,side_parallel_floor,unknown,640x240,30,8.333,,,annotations/action_events/livingroom_adl_017_20260827.json,meta/sensor/livingroom_adl_017_20260827_acc.csv,"source=URFD adl-19-cam0; source_scene=indoor laboratory, mapped to livingroom; official files do not name the ADL subtype and no lying label; labeled normal (not invented nearfall); posture_labels_present=[-1]; actors=simulated (not elderly); demographics unknown in official files; original_resolution=640x240 (below 1280x720 spec; not upsampled); license=CC BY-NC-SA 4.0 academic non-commercial"
videos/livingroom/normal/livingroom_adl_018_20260827.mp4,livingroom,adl,normal,unknown,unknown,unknown,unknown,side_parallel_floor,unknown,640x240,30,9.000,,,annotations/action_events/livingroom_adl_018_20260827.json,meta/sensor/livingroom_adl_018_20260827_acc.csv,"source=URFD adl-20-cam0; source_scene=indoor laboratory, mapped to livingroom; official files do not name the ADL subtype and no lying label; labeled normal (not invented nearfall); posture_labels_present=[-1]; actors=simulated (not elderly); demographics unknown in official files; original_resolution=640x240 (below 1280x720 spec; not upsampled); license=CC BY-NC-SA 4.0 academic non-commercial"
videos/livingroom/normal/livingroom_adl_019_20260827.mp4,livingroom,adl,normal,unknown,unknown,unknown,unknown,side_parallel_floor,unknown,640x240,30,2.333,,,annotations/action_events/livingroom_adl_019_20260827.json,meta/sensor/livingroom_adl_019_20260827_acc.csv,"source=URFD adl-24-cam0; source_scene=indoor laboratory, mapped to livingroom; official files do not name the ADL subtype and no lying label; labeled normal (not invented nearfall); posture_labels_present=[-1]; actors=simulated (not elderly); demographics unknown in official files; original_resolution=640x240 (below 1280x720 spec; not upsampled); license=CC BY-NC-SA 4.0 academic non-commercial"
videos/livingroom/normal/livingroom_adl_020_20260827.mp4,livingroom,adl,normal,unknown,unknown,unknown,unknown,side_parallel_floor,unknown,640x240,30,3.667,,,annotations/action_events/livingroom_adl_020_20260827.json,meta/sensor/livingroom_adl_020_20260827_acc.csv,"source=URFD adl-25-cam0; source_scene=indoor laboratory, mapped to livingroom; official files do not name the ADL subtype and no lying label; labeled normal (not invented nearfall); posture_labels_present=[-1]; actors=simulated (not elderly); demographics unknown in official files; original_resolution=640x240 (below 1280x720 spec; not upsampled); license=CC BY-NC-SA 4.0 academic non-commercial"
videos/livingroom/normal/livingroom_adl_021_20260827.mp4,livingroom,adl,normal,unknown,unknown,unknown,unknown,side_parallel_floor,unknown,640x240,30,3.167,,,annotations/action_events/livingroom_adl_021_20260827.json,meta/sensor/livingroom_adl_021_20260827_acc.csv,"source=URFD adl-26-cam0; source_scene=indoor laboratory, mapped to livingroom; official files do not name the ADL subtype and no lying label; labeled normal (not invented nearfall); posture_labels_present=[-1]; actors=simulated (not elderly); demographics unknown in official files; original_resolution=640x240 (below 1280x720 spec; not upsampled); license=CC BY-NC-SA 4.0 academic non-commercial"
videos/livingroom/normal/livingroom_adl_022_20260827.mp4,livingroom,adl,normal,unknown,unknown,unknown,unknown,side_parallel_floor,unknown,640x240,30,3.333,,,annotations/action_events/livingroom_adl_022_20260827.json,meta/sensor/livingroom_adl_022_20260827_acc.csv,"source=URFD adl-27-cam0; source_scene=indoor laboratory, mapped to livingroom; official files do not name the ADL subtype and no lying label; labeled normal (not invented nearfall); posture_labels_present=[-1]; actors=simulated (not elderly); demographics unknown in official files; original_resolution=640x240 (below 1280x720 spec; not upsampled); license=CC BY-NC-SA 4.0 academic non-commercial"
videos/livingroom/normal/livingroom_adl_023_20260827.mp4,livingroom,adl,normal,unknown,unknown,unknown,unknown,side_parallel_floor,unknown,640x240,30,2.833,,,annotations/action_events/livingroom_adl_023_20260827.json,meta/sensor/livingroom_adl_023_20260827_acc.csv,"source=URFD adl-28-cam0; source_scene=indoor laboratory, mapped to livingroom; official files do not name the ADL subtype and no lying label; labeled normal (not invented nearfall); posture_labels_present=[-1]; actors=simulated (not elderly); demographics unknown in official files; original_resolution=640x240 (below 1280x720 spec; not upsampled); license=CC BY-NC-SA 4.0 academic non-commercial"
videos/livingroom/normal/livingroom_adl_024_20260827.mp4,livingroom,adl,normal,unknown,unknown,unknown,unknown,side_parallel_floor,unknown,640x240,30,4.167,,,annotations/action_events/livingroom_adl_024_20260827.json,meta/sensor/livingroom_adl_024_20260827_acc.csv,"source=URFD adl-29-cam0; source_scene=indoor laboratory, mapped to livingroom; official files do not name the ADL subtype and no lying label; labeled normal (not invented nearfall); posture_labels_present=[-1]; actors=simulated (not elderly); demographics unknown in official files; original_resolution=640x240 (below 1280x720 spec; not upsampled); license=CC BY-NC-SA 4.0 academic non-commercial"
videos/livingroom/normal/livingroom_adl_025_20260827.mp4,livingroom,adl,normal,unknown,unknown,unknown,unknown,unknown,unknown,320x240,25,52.560,,,annotations/action_events/livingroom_adl_025_20260827.json,,"source=Le2i Coffee_room_02/video (61).avi; source scene=Coffee room, mapped to livingroom; actors=simulated (not elderly); demographics unknown in official files; original_resolution=320x240 (below 1280x720 spec; not upsampled); transcoded to H.264 CRF23, original codec=rawvideo; license=CC BY-NC-SA; DOI 10.25666/DATAUBFC-2024-04-09; no fall according to Annotation_files (start/end 0); labeled normal; nearfall not invented; person_bbox null (no official box at fall-start frame, or not a fall)"
videos/livingroom/normal/livingroom_adl_026_20260827.mp4,livingroom,adl,normal,unknown,unknown,unknown,unknown,unknown,unknown,320x240,25,23.840,,,annotations/action_events/livingroom_adl_026_20260827.json,,"source=Le2i Coffee_room_02/video (63).avi; source scene=Coffee room, mapped to livingroom; actors=simulated (not elderly); demographics unknown in official files; original_resolution=320x240 (below 1280x720 spec; not upsampled); transcoded to H.264 CRF23, original codec=rawvideo; license=CC BY-NC-SA; DOI 10.25666/DATAUBFC-2024-04-09; no fall according to Annotation_files (start/end 0); labeled normal; nearfall not invented; person_bbox null (no official box at fall-start frame, or not a fall)"
videos/livingroom/normal/livingroom_adl_027_20260827.mp4,livingroom,adl,normal,unknown,unknown,unknown,unknown,unknown,unknown,320x240,25,28.440,,,annotations/action_events/livingroom_adl_027_20260827.json,,"source=Le2i Coffee_room_02/video (65).avi; source scene=Coffee room, mapped to livingroom; actors=simulated (not elderly); demographics unknown in official files; original_resolution=320x240 (below 1280x720 spec; not upsampled); transcoded to H.264 CRF23, original codec=rawvideo; license=CC BY-NC-SA; DOI 10.25666/DATAUBFC-2024-04-09; no fall according to Annotation_files (start/end 0); labeled normal; nearfall not invented; person_bbox null (no official box at fall-start frame, or not a fall)"
videos/livingroom/normal/livingroom_adl_028_20260827.mp4,livingroom,adl,normal,unknown,unknown,unknown,unknown,unknown,unknown,320x240,25,11.920,,,annotations/action_events/livingroom_adl_028_20260827.json,,"source=Le2i Coffee_room_02/video (66).avi; source scene=Coffee room, mapped to livingroom; actors=simulated (not elderly); demographics unknown in official files; original_resolution=320x240 (below 1280x720 spec; not upsampled); transcoded to H.264 CRF23, original codec=rawvideo; license=CC BY-NC-SA; DOI 10.25666/DATAUBFC-2024-04-09; no fall according to Annotation_files (start/end 0); labeled normal; nearfall not invented; person_bbox null (no official box at fall-start frame, or not a fall)"
videos/livingroom/normal/livingroom_adl_029_20260827.mp4,livingroom,adl,normal,unknown,unknown,unknown,unknown,unknown,unknown,320x240,25,13.880,,,annotations/action_events/livingroom_adl_029_20260827.json,,"source=Le2i Coffee_room_02/video (67).avi; source scene=Coffee room, mapped to livingroom; actors=simulated (not elderly); demographics unknown in official files; original_resolution=320x240 (below 1280x720 spec; not upsampled); transcoded to H.264 CRF23, original codec=rawvideo; license=CC BY-NC-SA; DOI 10.25666/DATAUBFC-2024-04-09; no fall according to Annotation_files (start/end 0); labeled normal; nearfall not invented; person_bbox null (no official box at fall-start frame, or not a fall)"
videos/livingroom/normal/livingroom_adl_030_20260827.mp4,livingroom,adl,normal,unknown,unknown,unknown,unknown,unknown,unknown,320x240,25,64.280,,,annotations/action_events/livingroom_adl_030_20260827.json,,"source=Le2i Coffee_room_02/video (68).avi; source scene=Coffee room, mapped to livingroom; actors=simulated (not elderly); demographics unknown in official files; original_resolution=320x240 (below 1280x720 spec; not upsampled); transcoded to H.264 CRF23, original codec=rawvideo; license=CC BY-NC-SA; DOI 10.25666/DATAUBFC-2024-04-09; no fall according to Annotation_files (start/end 0); labeled normal; nearfall not invented; person_bbox null (no official box at fall-start frame, or not a fall)"
videos/livingroom/normal/livingroom_adl_031_20260827.mp4,livingroom,adl,normal,unknown,unknown,unknown,unknown,unknown,unknown,320x240,25,51.320,,,annotations/action_events/livingroom_adl_031_20260827.json,,"source=Le2i Coffee_room_02/video (69).avi; source scene=Coffee room, mapped to livingroom; actors=simulated (not elderly); demographics unknown in official files; original_resolution=320x240 (below 1280x720 spec; not upsampled); transcoded to H.264 CRF23, original codec=rawvideo; license=CC BY-NC-SA; DOI 10.25666/DATAUBFC-2024-04-09; no fall according to Annotation_files (start/end 0); labeled normal; nearfall not invented; person_bbox null (no official box at fall-start frame, or not a fall)"
videos/livingroom/normal/livingroom_adl_032_20260827.mp4,livingroom,adl,normal,unknown,unknown,unknown,unknown,unknown,unknown,320x240,25,33.560,,,annotations/action_events/livingroom_adl_032_20260827.json,,"source=Le2i Coffee_room_02/video (70).avi; source scene=Coffee room, mapped to livingroom; actors=simulated (not elderly); demographics unknown in official files; original_resolution=320x240 (below 1280x720 spec; not upsampled); transcoded to H.264 CRF23, original codec=rawvideo; license=CC BY-NC-SA; DOI 10.25666/DATAUBFC-2024-04-09; no fall according to Annotation_files (start/end 0); labeled normal; nearfall not invented; person_bbox null (no official box at fall-start frame, or not a fall)"
videos/livingroom/normal/livingroom_adl_033_20260827.mp4,livingroom,adl,normal,unknown,unknown,unknown,unknown,unknown,unknown,320x240,24,8.000,,,annotations/action_events/livingroom_adl_033_20260827.json,,"source=Le2i Home_02/video (38).avi; source scene=Home, mapped to livingroom (not relabeled bedroom/bathroom); actors=simulated (not elderly); demographics unknown in official files; original_resolution=320x240 (below 1280x720 spec; not upsampled); transcoded to H.264 CRF23, original codec=rawvideo; license=CC BY-NC-SA; DOI 10.25666/DATAUBFC-2024-04-09; no fall according to Annotation_files (start/end 0); labeled normal; nearfall not invented; person_bbox null (no official box at fall-start frame, or not a fall)"
videos/livingroom/normal/livingroom_adl_034_20260827.mp4,livingroom,adl,normal,unknown,unknown,unknown,unknown,unknown,unknown,320x240,24,8.000,,,annotations/action_events/livingroom_adl_034_20260827.json,,"source=Le2i Home_02/video (39).avi; source scene=Home, mapped to livingroom (not relabeled bedroom/bathroom); actors=simulated (not elderly); demographics unknown in official files; original_resolution=320x240 (below 1280x720 spec; not upsampled); transcoded to H.264 CRF23, original codec=rawvideo; license=CC BY-NC-SA; DOI 10.25666/DATAUBFC-2024-04-09; no fall according to Annotation_files (start/end 0); labeled normal; nearfall not invented; person_bbox null (no official box at fall-start frame, or not a fall)"
videos/livingroom/normal/livingroom_adl_035_20260827.mp4,livingroom,adl,normal,unknown,unknown,unknown,unknown,unknown,unknown,320x240,24,10.000,,,annotations/action_events/livingroom_adl_035_20260827.json,,"source=Le2i Home_02/video (40).avi; source scene=Home, mapped to livingroom (not relabeled bedroom/bathroom); actors=simulated (not elderly); demographics unknown in official files; original_resolution=320x240 (below 1280x720 spec; not upsampled); transcoded to H.264 CRF23, original codec=rawvideo; license=CC BY-NC-SA; DOI 10.25666/DATAUBFC-2024-04-09; no fall according to Annotation_files (start/end 0); labeled normal; nearfall not invented; person_bbox null (no official box at fall-start frame, or not a fall)"
videos/livingroom/normal/livingroom_adl_036_20260827.mp4,livingroom,adl,normal,unknown,unknown,unknown,unknown,unknown,unknown,320x240,24,10.000,,,annotations/action_events/livingroom_adl_036_20260827.json,,"source=Le2i Home_02/video (41).avi; source scene=Home, mapped to livingroom (not relabeled bedroom/bathroom); actors=simulated (not elderly); demographics unknown in official files; original_resolution=320x240 (below 1280x720 spec; not upsampled); transcoded to H.264 CRF23, original codec=rawvideo; license=CC BY-NC-SA; DOI 10.25666/DATAUBFC-2024-04-09; no fall according to Annotation_files (start/end 0); labeled normal; nearfall not invented; person_bbox null (no official box at fall-start frame, or not a fall)"
videos/livingroom/normal/livingroom_adl_037_20260827.mp4,livingroom,adl,normal,unknown,unknown,unknown,unknown,unknown,unknown,320x240,24,7.000,,,annotations/action_events/livingroom_adl_037_20260827.json,,"source=Le2i Home_02/video (42).avi; source scene=Home, mapped to livingroom (not relabeled bedroom/bathroom); actors=simulated (not elderly); demographics unknown in official files; original_resolution=320x240 (below 1280x720 spec; not upsampled); transcoded to H.264 CRF23, original codec=rawvideo; license=CC BY-NC-SA; DOI 10.25666/DATAUBFC-2024-04-09; no fall according to Annotation_files (start/end 0); labeled normal; nearfall not invented; person_bbox null (no official box at fall-start frame, or not a fall)"
videos/livingroom/normal/livingroom_adl_038_20260827.mp4,livingroom,adl,normal,unknown,unknown,unknown,unknown,unknown,unknown,320x240,24,7.000,,,annotations/action_events/livingroom_adl_038_20260827.json,,"source=Le2i Home_02/video (43).avi; source scene=Home, mapped to livingroom (not relabeled bedroom/bathroom); actors=simulated (not elderly); demographics unknown in official files; original_resolution=320x240 (below 1280x720 spec; not upsampled); transcoded to H.264 CRF23, original codec=rawvideo; license=CC BY-NC-SA; DOI 10.25666/DATAUBFC-2024-04-09; no fall according to Annotation_files (start/end 0); labeled normal; nearfall not invented; person_bbox null (no official box at fall-start frame, or not a fall)"
videos/livingroom/normal/livingroom_adl_039_20260827.mp4,livingroom,adl,normal,unknown,unknown,unknown,unknown,unknown,unknown,320x240,24,13.083,,,annotations/action_events/livingroom_adl_039_20260827.json,,"source=Le2i Home_02/video (44).avi; source scene=Home, mapped to livingroom (not relabeled bedroom/bathroom); actors=simulated (not elderly); demographics unknown in official files; original_resolution=320x240 (below 1280x720 spec; not upsampled); transcoded to H.264 CRF23, original codec=rawvideo; license=CC BY-NC-SA; DOI 10.25666/DATAUBFC-2024-04-09; no fall according to Annotation_files (start/end 0); labeled normal; nearfall not invented; person_bbox null (no official box at fall-start frame, or not a fall)"
videos/livingroom/normal/livingroom_adl_040_20260827.mp4,livingroom,adl,normal,unknown,unknown,unknown,unknown,unknown,unknown,320x240,24,9.000,,,annotations/action_events/livingroom_adl_040_20260827.json,,"source=Le2i Home_02/video (45).avi; source scene=Home, mapped to livingroom (not relabeled bedroom/bathroom); actors=simulated (not elderly); demographics unknown in official files; original_resolution=320x240 (below 1280x720 spec; not upsampled); transcoded to H.264 CRF23, original codec=rawvideo; license=CC BY-NC-SA; DOI 10.25666/DATAUBFC-2024-04-09; no fall according to Annotation_files (start/end 0); labeled normal; nearfall not invented; person_bbox null (no official box at fall-start frame, or not a fall)"
videos/livingroom/normal/livingroom_adl_041_20260827.mp4,livingroom,adl,normal,unknown,unknown,unknown,unknown,unknown,unknown,320x240,24,11.000,,,annotations/action_events/livingroom_adl_041_20260827.json,,"source=Le2i Home_02/video (46).avi; source scene=Home, mapped to livingroom (not relabeled bedroom/bathroom); actors=simulated (not elderly); demographics unknown in official files; original_resolution=320x240 (below 1280x720 spec; not upsampled); transcoded to H.264 CRF23, original codec=rawvideo; license=CC BY-NC-SA; DOI 10.25666/DATAUBFC-2024-04-09; no fall according to Annotation_files (start/end 0); labeled normal; nearfall not invented; person_bbox null (no official box at fall-start frame, or not a fall)"
videos/livingroom/normal/livingroom_adl_042_20260827.mp4,livingroom,adl,normal,unknown,unknown,unknown,unknown,unknown,unknown,320x240,24,12.000,,,annotations/action_events/livingroom_adl_042_20260827.json,,"source=Le2i Home_02/video (47).avi; source scene=Home, mapped to livingroom (not relabeled bedroom/bathroom); actors=simulated (not elderly); demographics unknown in official files; original_resolution=320x240 (below 1280x720 spec; not upsampled); transcoded to H.264 CRF23, original codec=rawvideo; license=CC BY-NC-SA; DOI 10.25666/DATAUBFC-2024-04-09; no fall according to Annotation_files (start/end 0); labeled normal; nearfall not invented; person_bbox null (no official box at fall-start frame, or not a fall)"
videos/livingroom/normal/livingroom_adl_043_20260827.mp4,livingroom,adl,normal,unknown,unknown,unknown,unknown,unknown,unknown,320x240,24,10.000,,,annotations/action_events/livingroom_adl_043_20260827.json,,"source=Le2i Home_02/video (48).avi; source scene=Home, mapped to livingroom (not relabeled bedroom/bathroom); actors=simulated (not elderly); demographics unknown in official files; original_resolution=320x240 (below 1280x720 spec; not upsampled); transcoded to H.264 CRF23, original codec=rawvideo; license=CC BY-NC-SA; DOI 10.25666/DATAUBFC-2024-04-09; no fall according to Annotation_files (start/end 0); labeled normal; nearfall not invented; person_bbox null (no official box at fall-start frame, or not a fall)"
videos/livingroom/normal/livingroom_adl_044_20260827.mp4,livingroom,adl,normal,unknown,unknown,unknown,unknown,unknown,unknown,320x240,24,13.000,,,annotations/action_events/livingroom_adl_044_20260827.json,,"source=Le2i Home_02/video (49).avi; source scene=Home, mapped to livingroom (not relabeled bedroom/bathroom); actors=simulated (not elderly); demographics unknown in official files; original_resolution=320x240 (below 1280x720 spec; not upsampled); transcoded to H.264 CRF23, original codec=rawvideo; license=CC BY-NC-SA; DOI 10.25666/DATAUBFC-2024-04-09; no fall according to Annotation_files (start/end 0); labeled normal; nearfall not invented; person_bbox null (no official box at fall-start frame, or not a fall)"
videos/livingroom/normal/livingroom_adl_045_20260827.mp4,livingroom,adl,normal,unknown,unknown,unknown,unknown,unknown,unknown,320x240,24,13.000,,,annotations/action_events/livingroom_adl_045_20260827.json,,"source=Le2i Home_02/video (50).avi; source scene=Home, mapped to livingroom (not relabeled bedroom/bathroom); actors=simulated (not elderly); demographics unknown in official files; original_resolution=320x240 (below 1280x720 spec; not upsampled); transcoded to H.264 CRF23, original codec=rawvideo; license=CC BY-NC-SA; DOI 10.25666/DATAUBFC-2024-04-09; no fall according to Annotation_files (start/end 0); labeled normal; nearfall not invented; person_bbox null (no official box at fall-start frame, or not a fall)"
videos/livingroom/normal/livingroom_adl_046_20260827.mp4,livingroom,adl,normal,unknown,unknown,unknown,unknown,unknown,unknown,320x240,24,11.000,,,annotations/action_events/livingroom_adl_046_20260827.json,,"source=Le2i Home_02/video (51).avi; source scene=Home, mapped to livingroom (not relabeled bedroom/bathroom); actors=simulated (not elderly); demographics unknown in official files; original_resolution=320x240 (below 1280x720 spec; not upsampled); transcoded to H.264 CRF23, original codec=rawvideo; license=CC BY-NC-SA; DOI 10.25666/DATAUBFC-2024-04-09; no fall according to Annotation_files (start/end 0); labeled normal; nearfall not invented; person_bbox null (no official box at fall-start frame, or not a fall)"
videos/livingroom/normal/livingroom_adl_047_20260827.mp4,livingroom,adl,normal,unknown,unknown,unknown,unknown,unknown,unknown,320x240,24,9.000,,,annotations/action_events/livingroom_adl_047_20260827.json,,"source=Le2i Home_02/video (52).avi; source scene=Home, mapped to livingroom (not relabeled bedroom/bathroom); actors=simulated (not elderly); demographics unknown in official files; original_resolution=320x240 (below 1280x720 spec; not upsampled); transcoded to H.264 CRF23, original codec=rawvideo; license=CC BY-NC-SA; DOI 10.25666/DATAUBFC-2024-04-09; no fall according to Annotation_files (start/end 0); labeled normal; nearfall not invented; person_bbox null (no official box at fall-start frame, or not a fall)"
videos/livingroom/normal/livingroom_adl_048_20260827.mp4,livingroom,adl,normal,unknown,unknown,unknown,unknown,unknown,unknown,320x240,24,9.000,,,annotations/action_events/livingroom_adl_048_20260827.json,,"source=Le2i Home_02/video (53).avi; source scene=Home, mapped to livingroom (not relabeled bedroom/bathroom); actors=simulated (not elderly); demographics unknown in official files; original_resolution=320x240 (below 1280x720 spec; not upsampled); transcoded to H.264 CRF23, original codec=rawvideo; license=CC BY-NC-SA; DOI 10.25666/DATAUBFC-2024-04-09; no fall according to Annotation_files (start/end 0); labeled normal; nearfall not invented; person_bbox null (no official box at fall-start frame, or not a fall)"
videos/livingroom/normal/livingroom_adl_049_20260827.mp4,livingroom,adl,normal,unknown,unknown,unknown,unknown,unknown,unknown,320x240,24,9.000,,,annotations/action_events/livingroom_adl_049_20260827.json,,"source=Le2i Home_02/video (54).avi; source scene=Home, mapped to livingroom (not relabeled bedroom/bathroom); actors=simulated (not elderly); demographics unknown in official files; original_resolution=320x240 (below 1280x720 spec; not upsampled); transcoded to H.264 CRF23, original codec=rawvideo; license=CC BY-NC-SA; DOI 10.25666/DATAUBFC-2024-04-09; no fall according to Annotation_files (start/end 0); labeled normal; nearfall not invented; person_bbox null (no official box at fall-start frame, or not a fall)"
videos/livingroom/normal/livingroom_adl_050_20260827.mp4,livingroom,adl,normal,unknown,unknown,unknown,unknown,unknown,unknown,320x240,24,9.000,,,annotations/action_events/livingroom_adl_050_20260827.json,,"source=Le2i Home_02/video (55).avi; source scene=Home, mapped to livingroom (not relabeled bedroom/bathroom); actors=simulated (not elderly); demographics unknown in official files; original_resolution=320x240 (below 1280x720 spec; not upsampled); transcoded to H.264 CRF23, original codec=rawvideo; license=CC BY-NC-SA; DOI 10.25666/DATAUBFC-2024-04-09; no fall according to Annotation_files (start/end 0); labeled normal; nearfall not invented; person_bbox null (no official box at fall-start frame, or not a fall)"
videos/livingroom/normal/livingroom_adl_051_20260827.mp4,livingroom,adl,normal,unknown,unknown,unknown,unknown,unknown,unknown,320x240,24,15.000,,,annotations/action_events/livingroom_adl_051_20260827.json,,"source=Le2i Home_02/video (56).avi; source scene=Home, mapped to livingroom (not relabeled bedroom/bathroom); actors=simulated (not elderly); demographics unknown in official files; original_resolution=320x240 (below 1280x720 spec; not upsampled); transcoded to H.264 CRF23, original codec=rawvideo; license=CC BY-NC-SA; DOI 10.25666/DATAUBFC-2024-04-09; no fall according to Annotation_files (start/end 0); labeled normal; nearfall not invented; person_bbox null (no official box at fall-start frame, or not a fall)"
videos/livingroom/normal/livingroom_adl_052_20260827.mp4,livingroom,adl,normal,unknown,unknown,unknown,unknown,unknown,unknown,320x240,24,10.000,,,annotations/action_events/livingroom_adl_052_20260827.json,,"source=Le2i Home_02/video (57).avi; source scene=Home, mapped to livingroom (not relabeled bedroom/bathroom); actors=simulated (not elderly); demographics unknown in official files; original_resolution=320x240 (below 1280x720 spec; not upsampled); transcoded to H.264 CRF23, original codec=rawvideo; license=CC BY-NC-SA; DOI 10.25666/DATAUBFC-2024-04-09; no fall according to Annotation_files (start/end 0); labeled normal; nearfall not invented; person_bbox null (no official box at fall-start frame, or not a fall)"
videos/livingroom/normal/livingroom_adl_053_20260827.mp4,livingroom,adl,normal,unknown,unknown,unknown,unknown,unknown,unknown,320x240,24,14.000,,,annotations/action_events/livingroom_adl_053_20260827.json,,"source=Le2i Home_02/video (58).avi; source scene=Home, mapped to livingroom (not relabeled bedroom/bathroom); actors=simulated (not elderly); demographics unknown in official files; original_resolution=320x240 (below 1280x720 spec; not upsampled); transcoded to H.264 CRF23, original codec=rawvideo; license=CC BY-NC-SA; DOI 10.25666/DATAUBFC-2024-04-09; no fall according to Annotation_files (start/end 0); labeled normal; nearfall not invented; person_bbox null (no official box at fall-start frame, or not a fall)"
videos/livingroom/normal/livingroom_adl_054_20260827.mp4,livingroom,adl,normal,unknown,unknown,unknown,unknown,unknown,unknown,320x240,24,9.000,,,annotations/action_events/livingroom_adl_054_20260827.json,,"source=Le2i Home_02/video (59).avi; source scene=Home, mapped to livingroom (not relabeled bedroom/bathroom); actors=simulated (not elderly); demographics unknown in official files; original_resolution=320x240 (below 1280x720 spec; not upsampled); transcoded to H.264 CRF23, original codec=rawvideo; license=CC BY-NC-SA; DOI 10.25666/DATAUBFC-2024-04-09; no fall according to Annotation_files (start/end 0); labeled normal; nearfall not invented; person_bbox null (no official box at fall-start frame, or not a fall)"
videos/livingroom/normal/livingroom_adl_055_20260827.mp4,livingroom,adl,normal,unknown,unknown,unknown,unknown,unknown,unknown,320x240,24,13.000,,,annotations/action_events/livingroom_adl_055_20260827.json,,"source=Le2i Home_02/video (60).avi; source scene=Home, mapped to livingroom (not relabeled bedroom/bathroom); actors=simulated (not elderly); demographics unknown in official files; original_resolution=320x240 (below 1280x720 spec; not upsampled); transcoded to H.264 CRF23, original codec=rawvideo; license=CC BY-NC-SA; DOI 10.25666/DATAUBFC-2024-04-09; no fall according to Annotation_files (start/end 0); labeled normal; nearfall not invented; person_bbox null (no official box at fall-start frame, or not a fall)"
